key,text,english,notes
version,6.01,6.01,
pdf_title,6000 Jahre Menschheitsgeschichte visualisiert,6000 years human history visualized,2025-10-13
pdf_subject,Zeitleiste der Menschheit,Timeline of humankind,6.01
BCE,v.u.Z.,B.C.E.,appendix B9
CE,u.Z.,C.E.,
year,Jahr,year,"timespan, age (Adam was 130 years old when Shem was born)"
years,Jahre,years,
years_age,Jahre,years,"years when used as age for a person (different word than years in some languages), like he is 23 years old"
age_kings,,,"if the word ""year"" appears after the numeral, like ""at the age of 35 years"""
month,Monat,month,
months,Monate,months,
day,Tag,day,
days,Tage,days,
to,bis,to,
people,Personen,people,
judges,Richter,judges,
prophets,Propheten,prophets,
kings,KÃ¶nige,kings,
periods,Zeitabschnitte,periods,
events,Ereignisse,events,
objects,Objekte oder GegenstÃ¤nde,objects or items,
Deluge,Sintflut,Deluge,
Adam,Adam,Adam,Luke 3:38
Seth,Seth,Seth,
Enosh,áº¸nosch,Enosh,
Kenan,Káº¹nan,Kenan,Genesis 5:12
Mahalalel,Mahaláº¡lel,Mahalalel,MaÂ·halaÂ·lel
Jared,Jáº¡red,Jared,
Enoch,Háº¹noch,Enoch,
Methuselah,Methá»¥salah,Methuselah,Luke 3:37
Lamech,Láº¡mech,Lamech,
Noah,Noah,Noah,
Shem,Sem,Shem,
Arpachshad,áº rpachschad,Arpachshad,Luke 3:36
Shelah,Scháº¹lach,Shelah,
Eber,áº¸ber,Eber,
Peleg,Páº¹leg,Peleg,
Reu,Ráº¹u,Reu,
Serug,Sáº¹rug,Serug,Luke 3:35
Nahor,Náº¡hor,Nahor,Genesis 11:24
Terah,Táº¹rach,Terah,
Abraham,Abraham,Abraham,
Isaac,Isaak,Isaac,
Jacob,Jakob,Jacob,Luke 3:34
Joseph,Joseph,Joseph,Genesis 37
Moses,Moses,Moses,
Othniel,á»ŒthniÃ«l,Othniel,Judges 3:9-11
Ehud,áº¸hud,Ehud,Judges 3:15-18
Shamgar,Scháº¡mgar,Shamgar,Judges 3:31
Barak,"Báº¡rak, Debá»ra, Jáº¡el","Barak, Deborah, Jael",Judges 4:6
Gideon,Gá»‹deon,Gideon,Judges 7:1
Tola,Tá»la,Tola,Judges 10:1
Jair,Jáº¡ir,Jair,Judges 10:3
Jephthah,Jáº¹phtha,Jephthah,Judges 11:1
Ibzan,á»Šbzan,Ibzan,Judges 12:8
Elon,áº¸lon,Elon,Judges 12:11
Abdon,áº bdon,Abdon,Judges 12:13
Samson,Simson,Samson,Judges 13:24
Samuel,Samuel,Samuel,1 Samuel 1:20
Saul,Saul,Saul,1 Samuel 9:2
David,David,David,1 Samuel 16:13
Solomon,Sáº¡lomo,Solomon,1 Kings 2:1
Rehoboam,Reháº¡beam,Rehoboam,first king of southern kingdom of Juda
Abijah,Abija (Abá»‹jam),Abijah (Abijam),"3 years, also Abijam"
Asa,áº sa,Asa,A6-A
Jehoshaphat,Josaphat,Jehoshaphat,
Jehoram2,Joram,Jehoram,
Ahaziah,Ahasja,Ahaziah,
Athaliah,KÃ¶nigin Athalija,Queen Athaliah,Queen Athaliah
Jehoash,Joas,Jehoash,
Amaziah,Amazja,Amaziah,
Uzziah,Usija (Asarja),Uzziah (Azariah),also Azariah
Jotham,Jotham,Jotham,A6-B
Ahaz,Ahas,Ahaz,
Hezekiah,Hiskia,Hezekiah,
Manasseh,Manasse,Manasseh,
Amon,Amon,Amon,
Josiah,Josia,Josiah,
Jehoahaz,Jehoahas,Jehoahaz,Only 3 months
Jehoiakim,Jojakim,Jehoiakim,
Jehoiachin,Jojachin,Jehoiachin,Only 3 months 10 days
Zedekiah,Zedekia,Zedekiah,
Jeroboam,Jerá»beam,Jeroboam,first king of northern 10-tribe kingdom
Nadab,Náº¡dab,Nadab,less than 2
Baasha,Báº¡scha,Baasha,
Elah,áº¸la,Elah,
Zimri,Sá»‹mri,Zimri,Only 7 days in ca. 751 BCE
OmriTibni,á»Œmri und Tibni zusammen,Omri and Tibni together,4 years Omri and Tibni
Omri,á»Œmri (allein),Omri (alone),from 947 Omri alone
Ahab,áº hab,Ahab,
Jehoram,Joram,Jehoram,
Jehu,Jehu,Jehu,
Jeoahaz,Jehoahas,Jeoahaz,
JeoahazJehoash,Jehoahas und Joas,Jeoahaz and Jehoash,For 3 years Jeoahaz and Jeoash reigned together
Jehoash2,Joas (allein),Jehoash (alone),Jehoash (alone)
Jeroboam2,Jerobeam II,Jeroboam II,
Zechariah,Sacharja,Zechariah,"reign only recorded 6 months, probably only established 792 BCE"
Schallum,Schallum,Schallum,only one month
Menahem,Menahem,Menahem,
Pekahiah,Pekachja,Pekahiah,
Pekah,Pekach,Pekah,
Hoshea,Hoschea,Hoshea,9 years from c. 748
Elijah,Elia,Elijah,
Elisha,Elisa,Elisha,
Jonah,Jona,Jonah,
Amos,Amos,Amos,
Joel,Já»el,Joel,
Hosea,Hosea,Hosea,
Isaiah,Jesaja,Isaiah,
Micah,Micha,Micah,
Zephaniah,Zepháº¡nja,Zephaniah,
Nahum,Nahum,Nahum,
Jeremiah,Jeremia,Jeremiah,
Habakuk,Habakuk,Habakuk,
Daniel,Daniel,Daniel,
Ezekiel,Hesáº¹kiel,Ezekiel,
Obadiah,Obadja,Obadiah,
Malachi,Maleachi,Malachi,
Ruth,Ruth,Ruth,
Ezra,Esra,Ezra,
Nehemiah,Nehemia,Nehemiah,
Esther,Esther,Esther,
Job,Hiob,Job,
moses2,1593 bis 1473 v.u.Z. â€“ 120 Jahre,1593 to 1473 B.C.E. â€“ 120 years,
moses3,Moses,Moses,
wilderness,Israel in der Wildnis von 1513 bis 1473 v.u.Z. â€“ 40 Jahre,Israel in the wilderness 1513 to 1473 B.C.E. â€“ 40 years,
timespan_judges,1473 bis 1117 v.u.Z. â€“ 356 Jahre,1473 to 1117 B.C.E. â€“ 356 years,
timespan_judges2,Zeit der Richter,Time of the judges,
temple1,Nisan 1513 v.u.Z bis Ziv 1034 v.u.Z.,Nisan 1513 B.C.E. to Ziv 1034 B.C.E.,
temple2,479 Jahre bis Beginn des Tempelbaus â€“ 1. KÃ¶nige 6:1,479 years until the temple construction â€“ 1 Kings 6:1,1034 BCE
69weeks,Jesus getauft im Herbst 29 u.Z,Jesus baptized autumn 29 C.E.,
69weeks2,69 Wochen bis zum Messias â€“ Daniel 9:25,69 weeks to the Messiah â€“ Daniel 9:25,
jesus_service,"3,5 Jahre Dienstzeit Jesu, getÃ¶tet am 14. Nisan 33 u.Z.","3.5 years of Jesus service, executed Nisan 14th, 33 C.E.",
jesus_life,Jesus im Jahr 2 v.u.Z. geboren,Jesus born 2 B.C.E.,
exile,607 bis 537 v.u.Z. â€“ 70 Jahre (Jeremia 25:11),607 to 537 B.C.E. â€“ 70 years (Jeremiah 25:11),
exile2,Exil,Exile,
7times,Offenbarung 12:9,Revelation 12:9,
7times2,7 Zeiten â€“ 2520 Jahre bis zum Messianischen KÃ¶nigreich 1914 u.Z. (Daniel 4:23),7 times â€“ 2520 years to the Messianic Kingdom 1914 C.E. (Daniel 4:23),
ww1,1. Weltkrieg â€“ 1914â€“1918 u.Z.,World War I â€“ 1914â€“1918 C.E.,
ww2,2. Weltkrieg â€“ 1939â€“1945 u.Z.,World War II â€“ 1939â€“1945 C.E.,
30_year_war,DreiÃŸigjÃ¤hriger Krieg in Europa 1618-1648 u.Z.,Thirty Years' War in Europe 1618-1648,
joshua,110 Jahre,110 years,
joshua2,Josua,Joshua,
caleb,mehr als 85 Jahre,more than 85 years,
caleb2,Kaleb,Caleb,
missionary1,"Erste Missionsreise von Paulus, ca. 47-48 u.Z., mit Barnabas und Johannes (Markus)","First Missionary Journey of Paul, c. 47-48 C.E. with Barnabas and John Mark",
circumcision,"Streitfrage der Beschneidung in Antiochia, Zusammenkunft in Jerusalem ca. 49 u.Z.","Circumcision issue at Antioch, conference in Jerusalem c. 49 C.E.",
missionary2,Zweite Missionsreise ca. 49-52 u.Z. mit Silas (Silvanus),Second Missionary Journey c. 49-52 C.E with Silas (Silvanus),
missionary3,Dritte Missionsreise ca. 52-56 u.Z.,Third Missionary Journey c. 52-56 C.E.,
caesarea,Paulus in Gefangenschaft in CÃ¤serea ca. 56-58 u.Z.,Paul in custody in Caesarea c. 56-58 C.E.,
rome1,Erste Gefangenschaft von Paulus in Rom ca. 59-61 u.Z.,Paulâ€™s first imprisonment in Rome c. 59-61 C.E.,
rome2,"Zweite Gefangenschaft in Rom ca. 65 u.Z., 2. Timotheus geschrieben, Paulus hingerichtet","Paulâ€™s second imprisonment in Rome c. 65 C.E., 2 Timothy written, Paul executed",
Julius,Julius,Julius,
Augustus,Augá»¥stus,Augustus,Luke 2:1
Tiberius,Tibáº¹rius,Tiberius,Luke 3:1
Caligula,Caligula,Caligula,
Claudius,Claudius,Claudius,Acts 11:28
Nero,Nero,Nero,
Galba-Otho-Vitellius,"Galba, Otho und Vitellius (Vierkaiserjahr)","Galba, Otho and Vitellius (Year of the Four Emperors)",
Vespasian,Vespasian,Vespasian,
event_exodus,Auszug aus Ã„gypten am 14. Nisan 1513 v.u.Z.,"Exodus from Egypt on Nisan 14th, 1513 B.C.E.",
event_division_kingdom,Teilung Israels 997 v.u.Z.,Division of Israel 997 BCE,
event_destruction_samaria,ZerstÃ¶rung von Samaria 740 v.u.Z. durch Assyrien,Destruction of Samaria 740 B.C.E. by Assyria,Destruction of Samaria 740 B.C.E. by Assyria
event_destruction_samaria2,740 v.u.Z. durch Assyrien,740 B.C.E. by Assyria,was shortened here for 2 lines
event_destruction_jerusalem1,"ZerstÃ¶rung von Jerusalem 607 v.u.Z. durch Babylon, 390 Jahre nach der Teilung des KÃ¶nigreiches (Hesekiel 4:5)","Destruction of Jerusalem 607 B.C.E. by Babylon, 390 years after the division of the kingdom (Ezekiel 4:5)",
event_temple_rebuilt,Tempel wieder aufgebaut 515 v.u.Z.,Temple in Jerusalem rebuilt 515 B.C.E.,
event_jerusalem_rebuilt,Jerusalems Mauern aufgebaut 455 v.u.Z,Jerusalem wall rebuilt 455 B.C.E.,
event_destruction_jerusalem2,ZerstÃ¶rung von Jerusalem 70 u.Z. durch Rom unter Titus,Destruction of Jerusalem 70 C.E. by Rome under Titus,
event_1914,"Ende der â€žZeiten der Nationenâ€œ (Lukas 21:24), Gottes KÃ¶nigkreich beginnt im Himmel zu regieren 1914 u.Z.","End of the time of the nations (Luke 21:24), Godâ€™s Kingdom starts to rule in heaven 1914 C.E.",include scripture Luke 21:24
became_king,wird KÃ¶nig im Alter von,becomes king at age,2025-04-14
vulgate,Vulgata von Hieronymus fertiggestellt (Lateinische Ãœbersetzung der Bibel) ca. 405 u.Z.,Vulgate completed by Jerome (Latin translation of the bible) c. 405 C.E.,
gutenberg,Gutenbergbibel gedruckt 1455,Gutenberg Bible printed 1455,
erasmus,Griechischer Text der Bibel verÃ¶ffentlicht durch Desiderius Erasmus von Rotterdam 1516,Greek text of Christian Greek Scriptures published by Desiderius Erasmus of Rotterdam 1516,
luther,LutherÃ¼bersetzung der Bibel im September 1522,Luther Bible translation in September 1522,
tyndale,Englische BibelÃ¼bersetzung von Tyndale 1536,English Bible translation by Tyndale 1536,
king_james,King-James-Bibel 1611,King James Bible 1611,
69weeks3,"Jesus beginnt seinen Dienst 29 u.Z. (Lukas 3:1, 21)","Jesus starts his service 29 CE (Luke 3:1, 21)",
ransom,Opfergaben hÃ¶ren zur â€œMitte der Wocheâ€ auf Daniel 9:27,Middle of week â€œsacrifice to ceaseâ€ Daniel 9:27,
cornelius,Kornelius am Ende der 70 Wochen getauft (Daniel 9:24) in 36 u.Z.,Cornelius baptized at the end of 70 weeks (Daniel 9:24) in 36 C.E.,
columbus,Ende der prÃ¤kolumbianischen Zeitepoche in Amerika 1492,End of the pre-columbian period in the Americas 1492,
declaration_independence,UnabhÃ¤ngigkeitserklÃ¤rung der 13 Kolonien Amerikas 1776,Declaration of independence of 13 colonies in America 1776,
tischendorf,Tischendorf entdeckt den Codex Sinaiticus aus dem 4ten Jahrhundert in 1844,Tischendorf discovers the Codex Sinaiticus from the 4th century in 1844,
dead_sea_scrolls,Schriftrollen vom Toten Meer,Dead Sea Scrolls written,
septuagint,Septuaginta LXX Ã¼bersetzt,Septuagint LXX translated,
watchtower,Erste Ausgabe des â€œZionâ€™s Watch Tower and Herald of Christâ€™s Presenceâ€ verÃ¶ffentlicht in 1879,The first issue of â€œZionâ€™s Watch Tower and Herald of Christâ€™s Presenceâ€ is published in 1879,
photodrama,Erste AuffÃ¼hrung â€œPhoto-Drama of Creationâ€ in New York am 11 Januar 1914,"The â€œPhoto-Drama of Creationâ€ is first shown in New York on January 11, 1914",
jehovahs_witnesses,"1931 nehmen die Bibelforscher in Columbus, Ohio, einen neuen Namen an â€“ Zeugen Jehovas (Jesaja 43:10, 12).","The Bible Students adopt a new name â€“ Jehovahâ€™s Witnesses (Isaiah 43:10, 12) in Columbus, Ohio, 1931",include scripture
gilead_school,Am 1. Februar 1943 beginnt die â€œWatchtower Bible School of Gileadâ€,"Watchtower Bible School of Gilead begins on Monday, February 1, 1943",
new_world_translation1,"â€œNew World Translation of the Holy Scripturesâ€ wird am 18 Juni 1960 in Manchester, England verÃ¶ffentlicht; der Name Jehova and vielen Stellen wieder eingefÃ¼gt","â€œNew World Translation of the Holy Scripturesâ€ released in Manchester, England on June 18, 1960, reintroduces the name Jehovah in many parts of the Bible",hightlight reintroduction of Jehovahâ€™s name
truth_book,"Das Buch â€œDie Wahrheit, die zu ewigem Leben fÃ¼hrtâ€ wird 1968 herausgegeben",The book â€œThe Truth That Leads to Eternal Lifeâ€ is released 1968,
metropolitan,Beginn des â€œmetropolitan witnessingâ€ in 2011,Start of metropolitan witnessing in 2011,
jw_org,Start von JW.ORG mit Anweisungen im KÃ¶nigreichsdienst im Dezember 2012,Start of JW.ORG with instructions in Kingdom Ministry December 2012,
new_world_translation2,"Revidierte â€œNew World Translation of the Holy Scripturesâ€ auf Englisch auf der Jahresversammlung 2013 verÃ¶ffentlicht, optimiert zur digitalen und online Benutzung","Revised â€œNew World Translation of the Holy Scripturesâ€ released at annual meeting 2013, optimized to be used digitally and online",new edition with digital and online in mind
jw_broadcasting,"Beginn von JW BroadcastingÂ® im October 2014 auf Englisch, ab Mai 2015 auf Deutsch",Start of JW BroadcastingÂ® in October 2014,
meeting_workbook,Start der â€œLeben und Dienstâ€ Zusammenkunft mit einem Arbeitsheft ab Januar 2016,New format of midweek meeting with â€œMeeting Workbookâ€ starting January 2016,
covid19,Covid-19,Covid-19,
cold_war,Geopolitische Situation â€œKalter Kriegâ€ 1945-1991,Geopolitical situation labeled â€œCold Warâ€ 1945-1991,
timeline_created,"Jahr 2023: Zeitleiste erstellt, heiÃŸestes Jahr der Menschheit â€“ und der letzten 125000 Jahre!","This timeline is created in 2023, the hottest year in human history and the last 125,000 years",
codex_sinaiticus,Codex Sinaiticus geschrieben,Codex Sinaiticus written,
codex_vaticanus,Codex Vaticanus geschrieben,Codex Vaticanus written,
leningrad_codex,Leningrad Codex geschrieben in Kairo AD 1008,Leningrad Codex written in Cairo AD 1008,
john,Johannes schreibt die Offenbarung im Exil auf Patmos 96-98 u.Z.,John writes â€œrevelationâ€ while exiled on Patmos 96-98 C.E.,
nicaea1,Erstes Konzil von NicÃ¤a,First Council of Nicaea,
buddha,Siddhartha Gautama â€“ Buddha ca.563-ca.483 v.u.Z.,The Buddha â€“ Siddhartha Gautama c.563-c.483 B.C.E,
buddha2,Buddha alternativ ca. 480-400 v.u.Z.,Buddha alternatively c. 480-400 B.C.E.,
mohammed,Mohammed ca. 570-632 u.Z.,Mohammed c. 570-632 C.E.,
confucius,Konfuzius ca.551-ca.479 v.u.Z.,Confucius c.551-c.479 B.C.E.,
hijrah,Hidschra â€“ Mecca nach Medina 16 Juli 622,Hijrah - Journey Mecca to Medina 16 July 622,
moses_escape,"1553 v.u.Z. Moses muss aus Ã„gypten fliehen â€“ 2. Mose 2:15, Apg 7:23","1553 B.C.E. Moses has to escape Egypt â€“ Exodus 2:15, Acts 7:23",
10plagues,1513 v.u.Z. zehn Plagen in Ã„gypten,1513 B.C.E Egypt receives 10 plagues,
joseph_sold,Joseph als Sklave im Alter von 17 verkauft â€“ 1Mo 37:2,Joseph sold as slave at the age of 17 â€“ Gen 37:2,
infliction,400 Jahre UnterdrÃ¼ckung (Apg 7:6) â€“ Ismael 1913 v.u.Z.,400 year infliction (Acts 7:6) â€“ Ishmael 1913 B.C.E,
Alexander,Alexander der GroÃŸe (Daniel 11:3),Alexander the Great (Daniel 11:3),
persia,"Cyrus der GroÃŸe, Cambyses II, Darius I 490 v.u.Z., Xerxes I 480 v.u.Z. (Ehemann von Esther, Daniel 11:2)","Cyrus the Great, Cambyses II, Darius I 490 BCE, Xerxes I 480 BCE (husband of Esther, Daniel 11:2)",
persia2,Persien,Persia,
king_north,"Seleucus I Nicator (v5) in Syrien, dann Antiochus III (v10) und Seleucus IV (v18, 19) bis zu Octavian (v20) und Tiberius (v21-24)","Seleucus I Nicator (v5) Syria to Antiochus III (v10) and Seleucus IV (v18, 19) down to Octavian (v20) and Tiberius (v21-24)",
king_north1,KÃ¶nig des Nordens,King of the North,
king_south,"Ptolemy I, II, III, IV (v11, 12), V (v15, 16) bis zur Schlacht bei Actium 31 v.u.Z.","Ptolemy I, II, III, IV (v11, 12), V (v15, 16) to the battle Actium 31 B.C.E.",
king_south1,KÃ¶nig des SÃ¼dens,King of the South,
king_south2,"Britisches Imperium 1870, Anglo-Amerikanische Weltmacht seit 1914","British Empire 1870, Anglo-American World Power since 1914",
king_south3,KÃ¶nig des SÃ¼dens,King of the South,
king_north2,"Deutschland mit Kaiser Wilhelm I 1871 (v28), 1914 (v29), 1935 (v30b), 1939 (v31a)","Germany with Emperor William I 1871 (v28), 1914 (v29), 1935 (v30b), 1939 (v31a)",
king_north3,Norden,North,
king_north4,"Sowjetunion 1945-1991 (Daniel 11:32-39, 40b, 41)","Soviet Union 1945-1991 (Daniel 11:32-39, 40b, 41)",
king_north5,Russland seit 2017 (w20 Mai),Russia since 2017 (w20 May),
time_of_end,"Gegenwart Christi, Abschluss des Weltsystems (MatthÃ¤us 24:3), die letzten Tage (2. Timotheus 3:1)","Presence of Christ, Conclusion of the system of things (Matthew 24:3), the last days (2 Timothy 3:1)",scriptures written out
time_of_end2,Letzte Tage,Last days,
suryavaman2,KÃ¶nig Suryavarman II erbaut Angkor Wat 1113-1150,King Suryavarman II builds Angkor Wat 1113-1150,
notre-dame,Notre-Dame de Paris gebaut 1163-1260,Notre-Dame de Paris built 1163-1260,
jehoiada,Jehojada,Jehoiada,2 Kings 11:4
babel,Turmbau zu Babel,Tower of Babel built,
Haggai,Haggai,Haggai,
Zerubbabel,Serubbabel (Lukas 3:27),Zerubbabel (Luke 3:27),Luke 3:27
Babylon,"Daniel 2:32, 36-38; 7:4","Daniel 2:32, 36-38; 7:4",
Medopersia,"Daniel 2:32, 39; 7:5","Daniel 2:32, 39; 7:5",
Greece,"Daniel 2:32, 39; 7:6","Daniel 2:32, 39; 7:6",
Rome,"Daniel 2:33, 40; 7:7","Daniel 2:33, 40; 7:7",
Angloamerica,"Daniel 2:33, 41-43","Daniel 2:33, 41-43",
Babylon_c,Babylon,Babylon,
Medopersia_c,Medo-Persien,Medo-Persia,
Greece_c,Griechenland,Greece,
Rome_c,Rom,Rome,
Angloamerica_c,Anglo-Amerika,Anglo-America,
infliction1,400 Jahre UnterdrÃ¼ckung,400 year infliction,Acts 7:6
infliction2,Apostelgeschichte 7:6,Acts 7:6,
Jacob2,Jakob/,Jacob/,Jacob/Israel 1858-1711 â€“ 147 years
Israel,Israel,Israel,Genesis 35:10
Sarah,Sara,Sarah,"2008-1881 BCE â€“ 127 years, Isaiah 51:2"
Hagar,Háº¡gar,Hagar,Genesis 21:14
Haran,Háº¡ran,Haran,Genesis 11:26
Reumah,Reá»¥ma,Reumah,Concubine â€“ 4 sons 22:24
Milcah,Má»‹lka,Milcah,8 sons (Bethuel and 7 more)
Lot,Lot,Lot,Genesis 11:27
Lots_wife,Lots Frau,Lotâ€™s wife,
Lots_daughters,TÃ¶chter Lots,Daughters of Lot,
Moab,Moab (Ã¤ltere Tochter),Moab (older daughter),Genesis 19:37
Ammon,Ben-áº mmi (Ammoná»‹ter),Ben-ammi (Ammon),Genesis 19:38
Bethuel,Báº¹thuÃ«l,Bethuel,Genesis 22:23
Rebekah,Rebáº¹kka,Rebekah,
Laban,Láº¡ban,Laban,Genesis 24:29
Leah,Láº¹a,Leah,Genesis 35:23
Rachel,Rahel,Rachel,Genesis 35:24
Bilhah,Bá»‹lha,Bilhah,Genesis 35:25
Zilpah,Sá»‹lpa,Zilpah,Genesis 35:26
Reuben,Rá»¥ben,Reuben,
Simeon,Sá»‹meon,Simeon,
Levi,Láº¹vi,Levi,Genesis 35:23
Judah,Juda,Judah,
Issachar,á»Šssachar,Issachar,
Zebulun,Sáº¹bulon,Zebulun,
Dinah,Dá»‹na,Dinah,Genesis 34
Esau,áº¸sau/,Esau/,
Edom,Edom,Edom,Genesis 36:1
Ishmael,á»Šsmael,Ishmael,Genesis 16:16
Manasseh2,(Manasse,(Manasseh,Genesis 41:50-52
Ephraim,und Ephraim),and Ephraim),
Benjamin,Benjamin,Benjamin,
Dan,Dan,Dan,Genesis 35:23
Naphtali,Náº¡phtali,Naphtali,
Gad,Gad,Gad,
Asher,áº scher,Asher,
Milcah1,"Uz, Bus, Káº¹muÃ«l,","Uz, Buz, Kemuel,",Genesis 22:21
Milcah2,"Káº¹sed, Háº¡so,","Chesed, Hazo,",
Milcah3,"Pá»‹ldasch, Já»‹dlaph","Pildash, Jidlaph",
Tebah,Táº¹bach,Tebah,Genesis 22:24
Gaham,Gáº¡ham,Gaham,
Tahash,Táº¡hasch,Tahash,
Maacah,Maacha,Maacah,
Mahalath,Máº¡halath/,Mahalath/,"Genesis 28:8, 9"
Basemath,Báº¡semath,Basemath,"Genesis36:3, 4"
Reuel,Ráº¹uÃ«l,Reuel,"36:13, 17"
Nahath,Náº¡hath,Nahath,
Zerah,Sáº¹rach,Zerah,
Schammah,Scháº¡mma,Schammah,
Mizzah,Má»‹sa,Mizzah,
Adah,áº da,Adah,"36:11, 12, 15, 16"
Eliphaz,áº¸liphas,Eliphaz,
Teman,Táº¹man,Teman,
Omar,á»Œmar,Omar,
Zepho,Záº¹pho,Zepho,
Kenaz,Káº¹nas,Kenaz,
Korah,Ká»rah,Korah,
Gatam,Gáº¡tam,Gatam,
Amalek,áº malek,Amalek,
Oholibamah,Oholibáº¡ma,Oholibamah,"36:14, 18"
Jeush,Jáº¹usch,Jeush,
Jalam,Jáº¡lam,Jalam,
Nebaioth,Náº¹bajoth,Nebaioth,Genesis 25:13
Kedar,Káº¹dar,Kedar,
Adbeel,áº dbeÃ«l,Adbeel,
Mibsam,Má»‹bsam,Mibsam,
Mishma,Má»‹schma,Mishma,
Dumah,Dá»¥ma,Dumah,
Massa,Máº¡ssa,Massa,
Hadad,Háº¡dad,Hadad,
Tema,Táº¹ma,Tema,
Jetur,Jáº¹tur,Jetur,
Naphish,Náº¡phisch,Naphish,
Kedemah,Káº¹dma,Kedemah,
Babylon2,,,no text left and right â€“ empty!
terahfam,Mitglieder von Terachâ€™s Familie,Members of Terahâ€™s family,
rosetta,Rosetta-Stein 196 v.u.Z.,Rosetta stone 196 B.C.E.,
Herodotus,"Herodot c. 484 â€“ ca. 425 v.u.Z., schreibt Historien","Herodotus c. 484 â€“ c. 425 BC, writes The Histories",Father of History
Aristotle,Aristoteles 384 â€“ 322 v.u.Z.,Aristotle 384 â€“ 322 BC,"The First Teacher, The Philosopher"
Ptolemy,Claudius PtolemÃ¤us c. 100 â€“ c. 170 u.Z.,Ptolemy c 100 â€“ c. 170 C.E.,
Pythagoras,Pythagoras ca. 570 â€“ 495 v.u.Z.,Pythagoras c. 570 â€“ c. 495 BC,
Plato,Platon c. 427 â€“ ca. 348v.u.Z.,Plato c. 427 â€“ c. 348 BC,
Socrates,Sokrates c. 470 â€“ ca. 399 v.u.Z.,Socrates c. 470 â€“ c. 399 BC,
Josephus,Josephus c. 37 â€“ c. 100 u.Z.,Josephus c. 37 â€“ c. 100 C.E.,
Cicero,Cicero 106â€“43 v.u.Z.,Cicero 106â€“43 BC,"influence on Latin language, 3 Jan 106 BC â€“ 7 Dec 43 BC"
lachish_letters,Lachisch-Briefe c. 590 v.u.Z.,Lachish letters c. 590 B.C.E.,
lachish_reliefs,Lachisch-Relief c. 681 v.u.Z.,Lachish reliefs c. 681 B.C.E.,
mesha_stele,"Mescha-Stele (Moabiterstein), ca. 840 v.u.Z.",Mesha Stele (Moabite stone) c. 840 B.C.E.,w25/12 study article 50 paragraph 6
gilgamesh,Gilgamesch und Aga ð’‡½ð’†¥ð’„„ð’€€ð’€ð’‚µ,Gilgamesh and Aga ð’‡½ð’†¥ð’„„ð’€€ð’€ð’‚µ,
epic_gilgamesh,Gilgamesch-Epos (SÃ®n-leqe-unnÄ«nÄ«),Epic of Gilgamesh (SÃ®n-lÄ“qi-unninni),
oxyrhynchus,Oxyrhynchus Papyri,Oxyrhynchus Papyri,
p52,Papyrus 52,Papyrus P52,
daniel2_shift,4,4,Start 4.2
daniel2_1,KÃ¶nig Nebukadnezar,King Nebuchadnezzar,607 BCE
daniel2_2,zerstÃ¶rt Jerusalem,destroys Jerusalem,appendix B9
daniel2_3,Eroberung Babylons,Conquers Babylon,539 BCE
daniel2_4,Erlass von Cyrus ermÃ¶glicht RÃ¼ck-,Cyrus decrees return,537 BCE
daniel2_5,kehr der Juden nach Jerusalem,of Jews to Jerusalem,
daniel2_6,Alexander der GroÃŸe,Alexander the Great,331 BCE
daniel2_7,erobert Persien,conquers Persia,
daniel2_8,Beginn der Herrschaft Ã¼ber Israel,Rules over Israel,63 BCE
daniel2_9,ZerstÃ¶rung Jerusalems,Destroys Jerusalem,70 CE
daniel2_10,Entstehung der britisch-,"During World War I,",1914-1918 CE
daniel2_11,amerikanischen Weltmacht,Anglo-American World Power,
daniel2_12,wÃ¤hrend des 1. Weltkriegs,comes into being,End 4.2
qing-dynasty,1636-1912,1636-1912,
qing-dynasty_c,Qing-Dynastie,Qing dynasty,1636-1912
ming-dynasty,1368-1644,1368-1644,
ming-dynasty_c,Ming-Dynastie im kaiserlichen China,Ming dynasty in imperial China,1368-1644
yuan-dynasty,1271-1368,1271-1368,
southern-song,1127-1279,1127-1279,
northern-song,960-1127,960-1127,
western-xia,1038-1227,1038-1227,
yuan-dynasty_c,Yuan,Yuan,1271-1368
southern-song_c,SÃ¼dliche Song,Southern Song,1127-1279
northern-song_c,NÃ¶rdliche Song,Northern Song,960-1127
western-xia_c,Westliche Xia,Western Xia,1038-1227
Copernicus,Nikolaus Kopernikus,Nicolaus Copernicus,
Galileo,Galileo Galilei,Galileo Galilei,Galileo di Vincenzo Bonaiuti de' Galilei
Newton,Isaac Newton,Isaac Newton,
gregorian,Gregorianischer Kalender 1582,Gregorian calendar 1582,
shang-dynasty,ca. 1600-1046 v.u.Z.,c. 1600-1046 BC,
western-zhou,ca. 1046-771 v.u.Z.,c. 1046-771 BC,
eastern-zhou,770-256 v.u.Z.,770-256 BC,
qin-dynasty,Qin 221-207 v.u.Z.,Qin 221-207 BC,
western-han,207 v.u.Z.â€“ 9 u.Z.,207 BC â€“ 9 CE,
eastern-han,25-220 u.Z.,25-220 CE,
three-kingdoms,Zeit der drei Reiche 220-280 u.Z.,Three kingdoms 220-280 CE,
sixteen-kingdoms,Sechzehn KÃ¶nigreiche 304-439 u.Z.,Sixteen kingdoms 304-439 CE,
northern-dynasties,368-581 u.Z.,368-581 CE,
southern-dynasties,420-589 u.Z.,420-589 CE,
tang-dynasty1,,,
tang-dynasty2,"618-690, 705-907","618-690, 705-907",
wu-zhou,690-705 Wu Zhou,690-705 Wu Zhou,
shang-dynasty_c,Shang Dynastie,Shang dynasty,c. 1600-1046 BC
western-zhou_c,Westliche Zhou,Western Zhou,c. 1046-771 BC
eastern-zhou_c,Ã–stliche Zhou,Eastern Zhou,770-256 BC
western-han_c,Westliche Han,Western Han,207 BC â€“ 9 CE
eastern-han_c,Ã–stliche Han,Eastern Han,25-220 CE
three-kingdoms_c,China,China,Three kingdoms 220-280 CE
sixteen-kingdoms_c,China,China,Sixteen kingdoms 304-439 CE
northern-dynasties_c,NÃ¶rdliche Dynastien,Northern dynasties,368-581 CE
southern-dynasties_c,SÃ¼dliche Dynastien,Southern dynasties,420-589 CE
tang-dynasty1_c,Tang,Tang,
tang-dynasty2_c,Tang-Dynastie,Tang dynasty,"618-690, 705-907"
xia-dynasty,Xia-Dynastie in China c. 2070 â€“ ca. 1600 v.u.Z.,Xia dynasty in China c. 2070 â€“ c. 1600 BC,
gonghe,Gonghe 841â€“828 v.u.Z.,Gonghe Regency 841-828 BC,
Ashoka,Ashoka (ca. 304â€“232 v.u.Z.) fÃ¶rdert den Buddhismus,Ashoka (c. 304-232 BC) promotes Buddhism,
siloam-tunnel,Hiskia erweitert den Siloam-Tunnel,Hezekiah extends Siloam tunnel,c. 742-732 BC
Angloamerica2,"Anglo-Amerika wird in der Prophezeiung in Daniel 2:33, 41-43 durch die FÃ¼ÃŸe aus Eisen, vermischt mit Ton, symbolisiert","Anglo-American is symbolized by the feet of iron mixed with clay in the prophecy in Daniel 2:33, 41-43",
Manetho,Manetho schreibt Aegyptiaca,Manetho writes Aegyptiaca,
tribulation,"Die groÃŸe Drangsal (Markus 13:19; Dan. 12:1; Matt. 24:21, 22)","The Great Tribulation (Mark 13:19; Daniel 12:1; Matt 24:21, 22)",
destruction_babylon,"ZerstÃ¶rung Babylons der GroÃŸen (Off. 17:3, 15-18; 18:9, 10)","Destruction of Babylon the Great (Revelation 17:3, 15-18; 18:9, 10)",beginning of great tribulation (GT)
gog_of_magog,"Angriff von Gog von Magog (Hesekiel 38:1, 2, 9-12, 18-23)","Attack of Gog of Magog (Ezekiel 38:1, 2, 9-12, 18-23)",end of GT
sheep_goat,"Bewohner der Erde werden gerichtet, Trennung von Schafe und BÃ¶cken (MatthÃ¤us 25:31-33)","Earthâ€™s inhabitants are judged, separating sheep and goats (Matthew 25:31-33)",end of GT
annointed,Jesu Mitregenten versammeln sich (MatthÃ¤us 24:31; 1. Korinther 15:50-53; 1. Thes. 4:15-17),Gathering of Kingdom rulers (Matthew 24:31; 1 Corinthians 15:50-53; 1 Thessalonians 4:15-17),end of GT
armageddon,"Harmagedon (Offenbarung 16:14, 16; Jesaja 13:9; 2. Petrus 3:12)","Battle of Armageddon (Revelation 16:14, 16; Isaiah 13:9; 2 Peter 3:12)",end of system of things
millenium,"Gottes KÃ¶nigreich beginnt seine tausendjÃ¤hrige Regierungszeit (Offenbarung 5:9, 10; 20:4, 6)","Godâ€™s Kingdom begins its 1000-year reign (Revelation 5:9, 10; 20:4, 6)",
great_crowd,"Eine â€žgroÃŸe Volksmengeâ€œ Ã¼berlebt Harmagedon (Offenbarung 7:9, 14; Psalm 37:9-11)","A great crowd survives Armageddon (Revelation 7:9, 14; Psalm 37:9-11)",
world_population,WeltbevÃ¶lkerung in Milliarden in den letzten 2000 Jahren,World population in billions in the last 2000 years,appendix B9
607BCE,607 v.u.Z.,607 B.C.E.,accommodate for language
539BCE,539 v.u.Z.,539 B.C.E.,systems in style:
537BCE,537 v.u.Z.,537 B.C.E.,>>year 537 before time<<
331BCE,331 v.u.Z.,331 B.C.E.,so they need a word
63BCE,63v.u.Z.,63 B.C.E.,prior to the year
70CE,70 u.Z.,70 C.E.,and something
1914CE,1914-1918 u.Z.,1914-1918 C.E.,after the year
khmer_empire,804 â€“ 1431 u.Z.,804 â€“ 1431 C.E.,
khmer_empire_c,Khmer-Reich - Angkor-Zeit,Khmer Empire - Angkor period,
byzantine_empire,330-1453 u.Z.,330-1453 C.E.,
byzantine_empire_c,Byzantinisches Reich,Byzantine Empire,
ottoman_empire,1299 â€“ 1922 u.Z.,1299 â€“ 1922 C.E.,
ottoman_empire_c,Osmanisches Reich,Ottoman Empire,
holy_roman_empire,800 â€“ 924 u.Z.,800 â€“ 924 C.E.,
holy_roman_empire2,962 â€“ 1806 u.Z.,962 â€“ 1806 C.E.,fixed 2024-12-31
holy_roman_empire_c,Heiliges RÃ¶misches Reich â€“ nach 1512 Heiliges RÃ¶misches Reich Deutscher Nation,Holy Roman Empire â€“ known as Holy Roman Empire of the German Nation after 1512,
mongol_empire,Mongolisches Reich 1206 â€“ 1294 n. Chr.,Mongol Empire 1206 â€“ 1294 C.E.,
Genghis,Dschingis Khan,Genghis Khan,
maya_classic,250-950,250-950,
maya_classic_c,Maya-Zivilisation â€“ klassische Periode,Maya civilization â€“ Classic period,
maya_postclassic,950-1539,950-1539,
maya_postclassic_c,Maya-Zivilisation â€“ postklassische Periode,Maya civilization â€“ Postclassic period,
inca_empire,1438 â€“ 1533 u.Z.,1438 â€“ 1533 C.E.,
inca_empire_c,Inka-Reich,Inca empire,
gupta_empire,319 â€“ 550 u.Z.,319 â€“ 550 C.E.,
gupta_empire_c,Gupta-Reich,Gupta Empire,
Teotihuacan,"grÃ¶ÃŸte Stadt Amerikas, Pyramiden erbaut ca. 200 u.Z.","Largest city in the Americas, pyramids build c. 200 C.E.",
Teotihuacan_c,TeotihuacÃ¡n,Teotihuacan,
Dionysius_Exiguus,"Dionysius Exiguus, Erfinder von Anno Domini","Dionysius Exiguus, inventor of Anno Domini",
Umayyad,661 â€“ 750 u.Z.,661 â€“ 750 C.E.,
Umayyad_c,Umayyaden,Umayyad,
Abbasid,750 â€“ 1258 u.Z.,750 â€“ 1258 C.E.,
Abbasid_c,Abbasiden-Kalifat,Abbasid Caliphate,
Mamluk,1250 â€“ 1517 u.Z.,1250 â€“ 1517 C.E.,
Mamluk_c,Mamluken-Sultanat,Mamluk Sultanate,
ur3,Ur III-Dynastie ð’‹€ð’€•ð’† ,Ur III Dynasty ð’‹€ð’€•ð’† ,
hammurabi,Hammurabi ð’„©ð’„ ð’ˆ¬ð’Šð’‰,Hammurabi ð’„©ð’„ ð’ˆ¬ð’Šð’‰,
Al-Khwarizmi,al-Khwarizmi schreibt Al-Jabr (Algebra),al-Khwarizmi writes Al-Jabr (Algebra),
al-azhar,GrÃ¼ndung der Al-Azhar-UniversitÃ¤t in Kairo,Al-Azhar University is established in Cairo,
Ibn-Sina,Ibn Sina oder Avicenna,Ibn Sina or Avicenna,
Al-Ghazali,Al-Ghazali,Al-Ghazali,2024-07-30
Keturah,Ketá»¥ra,Keturah,Genesis 25:1-4
Zimran,Sá»‹mran,Zimran,
Jokshan,Já»kschan,Jokshan,
Medan,Máº¹dan,Medan,
Midian,Má»‹dian,Midian,
Ishbak,Já»‹schbak,Ishbak,
Shuah,Schá»¥ach,Shuah,
Timna,Tá»‹mna,Timna,"1 Chr 1:36, Ge 36:10-12"
Midianites,"1) Midianá»‹ter: 4. Mose 31:2, 3","1) Midianites: Numbers 31:2, 3",
Moabites,"2) Moabá»‹ter: 5. Mose 23:3, 4","2) Moabites: Deuteronomy 23:3, 4",
Ammonites,3) Ammoná»‹ter: Josua 12:2,3) Ammonites: Joshua 12:2,
Edomites,4) áº¸domiter: 4. Mose 20:14-17,4) Edomites: Numbers 20:14-17,
Temanites,5) Temaná»‹ter: Hiob 42:7,5) Temanites: Job 42:7,
Amalekites,6) Amaleká»‹ter: 1. Samuel 15:2,6) Amalekites: 1 Samuel 15:2,2024-09-29
life-expectancy,Lebenserwartung 75 Jahre,Life expectancy 75 years,
life-expectancy2,(Psalm 90:10),(Psalm 90:10),2024-11-29
430years,1943 â€“ 1513 v.u.Z.,1943 â€“ 1513 B.C.E.,
430years_c,"430 Jahre: 2. Mose 12:41, Galater 3:17","430 years: Exodus 12:41, Galatians 3:17",2024-12-24
maya_calendar,berechneter Beginn des Maya-Kalenders: 11. August 3114 v. u. Z.,"Calculated beginning of Maya calendar August 11, 3114 B.C.E.",2024-12-25
xia-dynasty2,ca. 2070 â€“ ca. 1600 v. u. Z.; frÃ¼heste ErwÃ¤hnungen wÃ¤hrend der Westlichen Zhou-Zeit,c. 2070 â€“ c. 1600 BC; Era first alluded during the Western Zhou period,2025-01-02
xia-dynasty2_c,Xia-Dynastie in China,Xia dynasty in China,
tres_zapotes,3. September 32 v.u.Z.,"September 3rd, 32 B.C.E.",2024-12-31
joseph_jacob_reunited,Joseph und Jakob in Ã„gypten wiedervereint â€“ 1728 v.u.Z. (1.Mo 45:11; 47:9),Joseph and Jacob reunited in Egypt â€“ 1728 B.C.E. (Gen 45:11; 47:9),2025-01-01
king_south_light,,,2025-02-05
king_south_light_c,KÃ¶nig des SÃ¼dens aus Daniel 11,King of the South from Daniel 11,2025-02-05
king_north_light,,,2025-02-05
king_north_light_c,KÃ¶nig des Nordens aus Daniel 11,King of the North from Daniel 11,2025-02-05
daniel2_iron,,,2025-02-05
daniel2_iron_c,FÃ¼ÃŸe aus Eisen aus Daniel 2,Iron legs from Daniel 2,2025-02-05
wulfila,Wulfila-Bibel,Wulfila Bible,2025-09-20
argenteus,Codex Argenteus c. 505,Codex Argenteus c. 505,written copy of Wulfila Bible
tran_dynasty,1225 â€“ 1400,1225 â€“ 1400,
tran_dynasty_c,Tráº§n-Dynastie,Tráº§n dynasty,
le_dynasty,1428 â€“ 1527,1428 â€“ 1527,triá»u LÃª sÆ¡ or Vietnamese: nhÃ  LÃª sÆ¡
le_dynasty_c,LÃª-Dynastie,LÃª dynasty,
revival_le_dynasty,1533-1789,1533-1789,
revival_le_dynasty_c,Trá»‹nh-FÃ¼rsten & Nguyá»…n-FÃ¼rsten,Revival LÃª dynasty,NhÃ  LÃª trung hÆ°ng
nguyen_dynasty,1802 â€“ 1883,1802 â€“ 1883,
nguyen_dynasty_c,Nguyá»…n,Nguyá»…n,2025-09-20
edo,1603 â€“ 1868,1603 â€“ 1868,
edo_c,Edo-Zeit (Tokugawa-ShÅgunat),Edo period in Japan,
meiji,1868 â€“ 1912,1868 â€“ 1912,
meiji_c,Meiji,Meiji,2025-09-20
Ham,Ham,Ham,Gen 10:1
Canaan,Káº¡naan,Canaan,Gen 10:6
Sidon,Sá»‹don,Sidon,Gen 10:15
Heth,Heth,Heth,Gen 10:15
Jebusite,Jebusá»‹ter,Jebusite,Gen 10:16
Amorite,Amorá»‹ter,Amorite,Gen 10:16
Girgashite,Girgaschá»‹ter,Girgashite,Gen 10:16
Hivite,Hiwá»‹ter,Hivite,Gen 10:17
Arkite,Arká»‹ter,Arkite,Gen 10:17
Sinite,Siná»‹ter,Sinite,Gen 10:17
Arvadite,Arwadá»‹ter,Arvadite,Gen 10:18
Zemarite,Zemará»‹ter,Zemarite,Gen 10:18
Hamathite,Hamathá»‹ter,Hamathite,Gen 10:18
Cush,Kusch,Cush,Gen 10:6
Nimrod,Ná»‹mrod,Nimrod,Gen 10:8
Mizraim,Mizráº¡jim,Mizraim,Gen 10:14
Casluh,Káº¡sluchim,Casluh,1 Chronicles 1:12 (Philistines)
Japheth,Jáº¡phet,Japheth,Gen 10:3
Asshur,áº ssur,Asshur,Gen 10:22
Lud,Lud,Lud,Gen 10:22
Aram,áº ram,Aram,Gen 10:22
Elam,áº¸lam,Elam,Gen 10:22
Joktan,Já»ktan,Joktan,Gen 10:26
Almodad,áº lmodad,Almodad,Gen 10:26
Sheleph,Scháº¹leph,Sheleph,Gen 10:26
Hazarmareth,Hazarmáº¡weth,Hazarmareth,Gen 10:26
Jerah,Jáº¹rach,Jerah,Gen 10:26
Hadoram,Háº¡doram,Hadoram,Gen 10:27
Uzal,á»¤sal,Uzal,Gen 10:27
Diklah_Obal,"Dá»‹kla, á»Œbal","Diklah, Obal",Gen 10:27
Abimael,Abá»‹maÃ«l,Abimael,Gen 10:28
Sheba_Ophir,"Scháº¹ba, á»Œphir","Sheba, Ophir","Gen 10:28, 29"
Havilah,Hawá»‹la,Havilah,Gen 10:29
Jobab,Já»bab,Jobab,Gen 10:29
Korah_Gatam,"Ká»rah, Gáº¡tam","Korah, Gatam",303 and 304
Adbeel_Mibsam,"áº dbeÃ«l, Má»‹bsam","Adbeel, Mibsam",311 and 312
Dumah_Massa,"Dá»¥ma, Máº¡ssa","Dumah, Massa",314 and 315
Ham_fn,1) Ã„gypter: Psalm 105:23,1) Egyptians: Psalms 105:23,2025-09-22
Canaan_fn,2) Kanaaniter: Josua 13:3,2) Canaanites: Joshua 13:3,2025-09-22
Aram_fn,3) AramÃ¤er: Hosea 12:12,3) Arameans: Hosea 12:12,2025-09-22
Elam_fn,4) Elamiter: Esra 4:9,4) Elamites: Ezra 4:9,2025-09-22
Asshur_fn,5) Assyrer: Hesekiel 27:23,5) Assyrians: Ezekiel 27:23,2025-09-22
Casluh_fn,6) Philister: 1 Chronika 1:12,6) Philistines: 1 Chronicles 1:12,2025-09-22
Cush_fn,7) Ã„thiá»pier [Kuschá»‹ter]: 2 KÃ¶nige 19:9,7) Ethiopian [Cushite]: 2 Kings 19:9,2025-09-22
Edom_fn,8) áº¸domiter: 4. Mose 20:14-17,8) Edomites: Numbers 20:14-17,same as 459
Moab_fn,"9) Moabá»‹ter: 5. Mose 23:3, 4","9) Moabites: Deuteronomy 23:3, 4",same as 457
Ammon_fn,10) Ammoná»‹ter: Josua 12:2,10) Ammonites: Joshua 12:2,same as 458
Midian_fn,"11) Midianá»‹ter: 4. Mose 31:2, 3","11) Midianites: Numbers 31:2, 3",same as 456
Amalek_fn,12) Amaleká»‹ter: 1. Samuel 15:2,12) Amalekites: 1 Samuel 15:2,same as 461
Teman_fn,13) Temaná»‹ter: Hiob 42:7,13) Temanites: Job 42:7,same as 460
Sidon_fn,14) Sidonier: Sacharja 9:2,14) Sidonians: Zechariah 9:2,2025-09-22
Heth_fn,15) Hethá»‹ter: 1. Mose 15:20,15) Hittites: Genesis 15:20,2025-09-22
Jebusite_fn,16) Jebusá»‹ter: Josua 15:63,16) Jebusites: Joshua 15:63,2025-09-22
Judith,Já»¥dith?,Judith?,"Genesis 26:34, 35"
Lud_fn,17) Lyder: 1 Chronika 1:17,17) Lydians: 1 Chronicles 1:17,"Jewish Antiquities, I, 143, 144 [vi, 4]"
Ishmael_fn,18) Ismaelá»‹ter: 1. Mose 37:27,18) Ishmaelites: Genesis 37:27,2025-09-22
Amorite_fn,19) Amorá»‹ter: Richter 6:10,19) Amorites: Judges 6:10,2025-09-22
Hivite_fn,"20) Hiwá»‹ter [Gá»‹beon]: Josua 9:3, 7","20) Hivites [Gibeon]: Joshua 9:3, 7",Gibeonites
american_civil_war,Sezessionskrieg 1861-1865,American Civil War 1861-1865,"April 12, 1861 to May 26, 1865"
aleppo_codex,Codex von Aleppo ca. 920,Aleppo Codex c. 920,2025-10-03
seljuk_empire,1037 â€“ 1194 u.Z.,1037 â€“ 1194 C.E.,"Seljuk Empire 1037-1194, part of Seljuk dynasty 1037-1308"
seljuk_empire_c,Seldschuken,Seljuk empire,
vandals,KÃ¶nigreich der Vandalen und Alanen 435 â€“ 534 u.Z.,Kingdom of the Vandals and Alans 435 â€“ 534 C.E.,Vandals 435-534 C.E.
vandals_c,Vandalen,Vandals,
francia,"c. 481/509 â€“ 843 u.Z., Merowinger bis 751, dann Karolinger","c. 481/509 â€“ 843 C.E., Merovingian till 751, then Carolingian",Kingdom of the Franks (Regnum Francorum) c. 481/509-843 treaty of Verdun
francia_c,FrÃ¤nkisches Reich,Kingdom of the Franks,
lombard,568 â€“ 774 u.Z.,568 â€“ 774 C.E.,Kingdom of the Lombards 568-774
lombard_c,Langobardenreich,Lombard Kingdom,2025-10-13
100_years_war,HundertjÃ¤hriger Krieg 1337 â€“ 1453,Hundred Yearsâ€™ War 1337 â€“ 1453,1337â€“1453
black_death,Schwarzer Tod 1346-1353,Black death 1346-1353,1346-1353
sui_dynasty,581-618 Sui-Dynastie,581-618 Sui dynasty,2025-11-09
sui_dynasty_c,Sui,Sui,2025-11-09
