key,text,notes,english
version,4.5,,4.3
pdf_title,"‡∏õ‡∏£‡∏∞‡∏ß‡∏±‡∏ï‡∏¥‡∏®‡∏≤‡∏™‡∏ï‡∏£‡πå‡∏Ç‡∏≠‡∏á‡∏°‡∏ô‡∏∏‡∏©‡∏¢‡πå 6,000 ‡∏õ‡∏µ‡∏ñ‡∏π‡∏Å‡∏°‡∏≠‡∏á‡πÄ‡∏´‡πá‡∏ô",,6000 years human history visualized
pdf_subject,‡πÄ‡∏™‡πâ‡∏ô‡πÄ‡∏ß‡∏•‡∏≤‡∏Ç‡∏≠‡∏á‡∏°‡∏ô‡∏∏‡∏©‡∏¢‡∏ä‡∏≤‡∏ï‡∏¥,,Timeline of humankind
BCE,‡∏Å‡πà‡∏≠‡∏ô‡∏Ñ‡∏£‡∏¥‡∏™‡∏ï‡∏®‡∏±‡∏Å‡∏£‡∏≤‡∏ä,,B.C.E.
CE,‡∏™.‡∏®.,,C.E.
year,‡∏õ‡∏µ,"timespan, age (Adam was 130 years old when Shem was born)",year
years,‡∏õ‡∏µ,,years
years_age,‡∏õ‡∏µ,years when used as age for a person (different word than years in some languages),years
age_kings, ,"if the word ""year"" appears after the numeral, like ""at the age of 35 years""", 
month,‡πÄ‡∏î‡∏∑‡∏≠‡∏ô,,month
months,‡πÄ‡∏î‡∏∑‡∏≠‡∏ô,,months
day,‡∏ß‡∏±‡∏ô,,day
days,‡∏ß‡∏±‡∏ô,,days
to,‡∏ñ‡∏∂‡∏á,,to
people,‡∏õ‡∏£‡∏∞‡∏ä‡∏≤‡∏Å‡∏£,,people
judges,‡∏ú‡∏π‡πâ‡∏û‡∏¥‡∏û‡∏≤‡∏Å‡∏©‡∏≤,,judges
prophets,‡∏®‡∏≤‡∏™‡∏î‡∏≤‡∏û‡∏¢‡∏≤‡∏Å‡∏£‡∏ì‡πå,,prophets
kings,‡∏Å‡∏©‡∏±‡∏ï‡∏£‡∏¥‡∏¢‡πå,,kings
periods,‡∏£‡∏∞‡∏¢‡∏∞‡πÄ‡∏ß‡∏•‡∏≤,,periods
events,‡πÄ‡∏´‡∏ï‡∏∏‡∏Å‡∏≤‡∏£‡∏ì‡πå‡∏ï‡πà‡∏≤‡∏á‡πÜ,,events
objects,‡∏ß‡∏±‡∏ï‡∏ñ‡∏∏‡∏´‡∏£‡∏∑‡∏≠‡∏£‡∏≤‡∏¢‡∏Å‡∏≤‡∏£,,objects or items
Deluge,‡∏ô‡πâ‡∏≥‡∏ó‡πà‡∏ß‡∏°,,Deluge
Adam,‡∏≠‡∏î‡∏±‡∏°,,Adam
Seth,‡πÄ‡∏ã‡∏ò,,Seth
Enosh,‡πÄ‡∏≠‡πÇ‡∏ô‡∏ä,,Enosh
Kenan,‡∏Ñ‡∏µ‡∏ô‡∏±‡∏ô,,Kenan
Mahalalel,‡∏°‡∏≤‡∏Æ‡∏≤‡∏•‡∏≤‡πÄ‡∏•‡∏•,,Mahalalel
Jared,‡∏à‡∏≤‡πÄ‡∏£‡πá‡∏î,,Jared
Enoch,‡πÄ‡∏≠‡πÇ‡∏ô‡∏Ñ,,Enoch
Methuselah,‡πÄ‡∏°‡∏ò‡∏π‡πÄ‡∏™‡∏•‡∏≤‡∏´‡πå,,Methuselah
Lamech,‡∏•‡∏≤‡πÄ‡∏°‡∏ä,,Lamech
Noah,‡πÇ‡∏ô‡∏≠‡∏≤‡∏´‡πå,,Noah
Shem,‡πÄ‡∏ä‡∏°,,Shem
Arpachshad,‡∏≠‡∏≤‡∏õ‡∏≤‡∏ä‡∏ä‡∏≤‡∏î,,Arpachshad
Shelah,‡πÄ‡∏ä‡∏•‡∏≤‡∏´‡πå,,Shelah
Eber,‡πÄ‡∏≠‡πÄ‡∏ö‡∏≠‡∏£‡πå,,Eber
Peleg,‡πÄ‡∏õ‡πÄ‡∏•‡∏Å,,Peleg
Reu,‡∏£‡∏≠‡∏¢,,Reu
Serug,‡πÄ‡∏ã‡∏£‡∏∏‡∏Å,,Serug
Nahor,‡∏ô‡∏≤‡∏Æ‡∏≠‡∏£‡πå,,Nahor
Terah,‡πÄ‡∏ó‡∏£‡∏≤‡∏´‡πå,,Terah
Abraham,‡∏≠‡∏±‡∏ö‡∏£‡∏≤‡∏Æ‡∏±‡∏°,,Abraham
Isaac,‡πÑ‡∏≠‡πÅ‡∏ã‡∏Ñ,,Isaac
Jacob,‡∏¢‡∏≤‡πÇ‡∏Ñ‡∏ö,,Jacob
Joseph,‡πÇ‡∏à‡πÄ‡∏ã‡∏ü,,Joseph
Moses,‡πÇ‡∏°‡πÄ‡∏™‡∏™,,Moses
Othniel,‡πÇ‡∏≠‡∏ò‡πÄ‡∏ô‡∏µ‡∏¢‡∏•,,Othniel
Ehud,‡πÄ‡∏≠‡∏Æ‡∏∏‡∏î,,Ehud
Shamgar,‡πÅ‡∏ä‡∏°‡∏Å‡∏≤‡∏£‡πå,,Shamgar
Barak,‡∏ö‡∏≤‡∏£‡∏±‡∏Ñ,,Barak
Gideon,‡∏Å‡∏¥‡πÄ‡∏î‡∏µ‡πâ‡∏¢‡∏ô,,Gideon
Tola,‡πÇ‡∏ï‡∏•‡∏≤,,Tola
Jair,‡∏à‡∏≤‡∏£‡πå,,Jair
Jephthah,‡πÄ‡∏à‡∏ü‡∏ò‡∏≤‡∏´‡πå,,Jephthah
Ibzan,‡∏≠‡∏¥‡∏ö‡∏ã‡∏≤‡∏ô,,Ibzan
Elon,‡∏≠‡∏µ‡∏•‡∏≠‡∏ô,,Elon
Abdon,‡∏≠‡∏±‡∏ö‡∏î‡∏≠‡∏ô,,Abdon
Samson,‡πÅ‡∏ã‡∏°‡∏™‡∏±‡∏ô,,Samson
Samuel,‡∏ã‡∏≤‡∏°‡∏π‡πÄ‡∏≠‡∏•,,Samuel
Saul,‡∏ã‡∏≤‡∏≠‡∏π‡∏•,,Saul
David,‡πÄ‡∏î‡∏ß‡∏¥‡∏î,,David
Solomo,‡πÇ‡∏ã‡πÇ‡∏•‡πÇ‡∏°,,Solomo
Rehoboam,‡πÄ‡∏£‡πÇ‡∏´‡πÇ‡∏ö‡∏≠‡∏±‡∏°,first king of southern kingdom of Juda,Rehoboam
Abijah,‡∏≠‡∏≤‡∏ö‡∏µ‡∏¢‡∏≤‡∏´‡πå (‡∏≠‡∏≤‡∏ö‡∏µ‡∏ç‡∏≤‡∏°),"3 years, also Abijam",Abijah (Abijam)
Asa,‡∏≠‡∏≤‡∏™‡∏≤,,Asa
Jehoshaphat,‡πÄ‡∏¢‡πÇ‡∏Æ‡∏ä‡∏≤‡∏ü‡∏±‡∏ó,bce_float = -y+1 - (12-m)/12 ‚Äì (31-d)/360,Jehoshaphat
Jehoram2,‡πÄ‡∏¢‡πÇ‡∏Æ‡∏£‡∏±‡∏°,,Jehoram
Ahaziah,‡∏≠‡∏≤‡∏´‡∏±‡∏™‡∏¢‡∏≤‡∏´‡πå,,Ahaziah
Athaliah,‡∏£‡∏≤‡∏ä‡∏¥‡∏ô‡∏µ‡∏≠‡∏≤‡∏ò‡∏≤‡∏•‡∏¥‡∏¢‡∏≤‡∏´‡πå,Queen Athaliah,Queen Athaliah
Jehoash,‡πÄ‡∏¢‡πÇ‡∏Æ‡∏≠‡∏≤‡∏ä,,Jehoash
Amaziah,‡∏≠‡∏≤‡∏°‡∏≤‡∏ã‡∏¥‡∏¢‡∏≤‡∏´‡πå,,Amaziah
Uzziah,‡∏≠‡∏∏‡∏™‡∏ã‡∏µ‡∏¢‡∏≤‡∏´‡πå (‡∏≠‡∏≤‡∏ã‡∏≤‡∏£‡∏¥‡∏¢‡∏≤‡∏´‡πå),also Azariah,Uzziah (Azariah)
Jotham,‡πÇ‡∏à‡πÅ‡∏ò‡∏°,,Jotham
Ahaz,‡∏≠‡∏≤‡∏´‡∏±‡∏™,,Ahaz
Hezekiah,‡πÄ‡∏Æ‡πÄ‡∏ã‡∏Ñ‡∏µ‡∏¢‡∏≤‡∏´‡πå,,Hezekiah
Manasseh,‡∏°‡∏ô‡∏±‡∏™‡πÄ‡∏™‡∏´‡πå,,Manasseh
Amon,‡∏≠‡∏°‡∏£,,Amon
Josiah,‡πÇ‡∏à‡∏™‡∏¥‡∏¢‡∏≤‡∏´‡πå,,Josiah
Jehoahaz,‡πÄ‡∏¢‡πÇ‡∏Æ‡∏≠‡∏≤‡∏Æ‡∏≤‡∏™,Only 3 months,Jehoahaz
Jehoiakim,‡πÄ‡∏¢‡πÇ‡∏Æ‡∏¢‡∏≤‡∏Ñ‡∏¥‡∏°,,Jehoiakim
Jehoiachin,‡πÄ‡∏¢‡πÇ‡∏Æ‡∏¢‡∏≤‡∏ä‡∏¥‡∏ô,Only 3 months 10 days,Jehoiachin
Zedekiah,‡πÄ‡∏®‡πÄ‡∏î‡∏Ñ‡∏µ‡∏¢‡∏≤‡∏´‡πå,,Zedekiah
Jeroboam,‡πÄ‡∏¢‡πÇ‡∏£‡πÇ‡∏ö‡∏≠‡∏±‡∏°,first king of northern 10-tribe kingdom,Jeroboam
Nadab,‡∏ô‡∏≤‡∏î‡∏±‡∏ö,less than 2,Nadab
Baasha,‡∏ö‡∏≤‡∏≠‡∏≤‡∏ä‡∏≤,,Baasha
Elah,‡πÄ‡∏≠‡∏•‡∏≤,,Elah
Zimri,‡∏ã‡∏¥‡∏°‡∏£‡∏µ,Only 7 days in ca. 751 BCE,Zimri
OmriTibni,‡∏≠‡∏°‡∏£‡∏µ‡πÅ‡∏•‡∏∞‡∏ó‡∏¥‡∏ö‡∏ô‡∏µ‡∏≠‡∏¢‡∏π‡πà‡∏î‡πâ‡∏ß‡∏¢‡∏Å‡∏±‡∏ô,4 years Omri and Tibni,Omri and Tibni together
Omri,‡πÇ‡∏≠‡∏°‡∏£‡∏¥ (‡∏Ñ‡∏ô‡πÄ‡∏î‡∏µ‡∏¢‡∏ß),from 947 Omri alone,Omri (alone)
Ahab,‡∏≠‡∏≤‡∏´‡∏±‡∏ö,,Ahab
Ahaziah,‡∏≠‡∏≤‡∏´‡∏±‡∏™‡∏¢‡∏≤‡∏´‡πå,,Ahaziah
Jehoram,‡πÄ‡∏¢‡πÇ‡∏Æ‡∏£‡∏±‡∏°,,Jehoram
Jehu,‡πÄ‡∏¢‡∏Æ‡∏π,,Jehu
Jeoahaz,‡πÄ‡∏à‡πÇ‡∏≠‡∏≠‡∏≤‡∏Æ‡∏≤‡∏™,,Jeoahaz
JeoahazJehoash,‡πÄ‡∏¢‡πÇ‡∏Æ‡∏≠‡∏≤‡∏´‡∏≤‡∏™‡πÅ‡∏•‡∏∞‡πÄ‡∏¢‡πÇ‡∏Æ‡∏≠‡∏≤‡∏ä,For 3 years Jeoahaz and Jeoash reigned together,Jeoahaz and Jehoash
Jehoash2,‡πÄ‡∏¢‡πÇ‡∏Æ‡∏≠‡∏≤‡∏ä (‡∏Ñ‡∏ô‡πÄ‡∏î‡∏µ‡∏¢‡∏ß),Jehoash (alone),Jehoash (alone)
Jeroboam2,‡πÄ‡∏¢‡πÇ‡∏£‡πÇ‡∏ö‡∏≠‡∏±‡∏°‡∏ó‡∏µ‡πà 2,,Jeroboam II
Zechariah,‡πÄ‡∏®‡∏Ñ‡∏≤‡∏£‡∏¥‡∏¢‡∏≤‡∏´‡πå,"reign only recorded 6 months, probably only established 792 BCE",Zechariah
Schallum,‡∏ä‡∏±‡∏•‡∏•‡∏±‡∏°,only one month,Schallum
Menahem,‡πÄ‡∏°‡∏ô‡∏≤‡πÄ‡∏Æ‡∏°,,Menahem
Pekahiah,‡πÄ‡∏õ‡∏Ñ‡∏≤‡∏´‡∏¥‡∏≠‡∏≤‡∏´‡πå,,Pekahiah
Pekah,‡πÄ‡∏õ‡∏Ñ‡∏≤‡∏´‡πå,,Pekah
Hoshea,‡πÇ‡∏Æ‡πÄ‡∏ä‡∏µ‡∏¢,9 years from c. 748,Hoshea
Elijah,‡πÄ‡∏≠‡∏•‡∏µ‡∏¢‡∏≤‡∏´‡πå,,Elijah
Elisha,‡πÄ‡∏≠‡∏•‡∏µ‡∏ä‡∏≤,,Elisha
Jonah,‡πÇ‡∏¢‡∏ô‡∏≤‡∏´‡πå,,Jonah
Amos,‡∏≠‡∏≤‡∏°‡∏≠‡∏™,,Amos
Joel,‡πÇ‡∏à‡πÄ‡∏≠‡∏•,,Joel
Hosea,‡πÇ‡∏Æ‡πÄ‡∏ä‡∏¢‡∏≤,,Hosea
Isaiah,‡∏≠‡∏¥‡∏™‡∏¢‡∏≤‡∏´‡πå,,Isaiah
Micah,‡πÑ‡∏°‡∏Å‡πâ‡∏≤,,Micah
Zephaniah,‡πÄ‡∏ã‡∏ü‡∏≤‡πÄ‡∏ô‡∏µ‡∏¢,,Zephaniah
Nahum,‡∏ô‡∏≤‡∏Æ‡∏π‡∏°,,Nahum
Jeremiah,‡πÄ‡∏¢‡πÄ‡∏£‡∏°‡∏µ‡∏¢‡πå,,Jeremiah
Habakuk,‡∏Æ‡∏≤‡∏ö‡∏≤‡∏Å‡∏∏‡∏Å,,Habakuk
Daniel,‡πÅ‡∏î‡πÄ‡∏ô‡∏µ‡∏¢‡∏•,,Daniel
Ezekiel,‡πÄ‡∏≠‡πÄ‡∏™‡πÄ‡∏Ñ‡∏µ‡∏¢‡∏•,,Ezekiel
Obadiah,‡πÇ‡∏≠‡∏ö‡∏≤‡∏î‡∏µ‡∏´‡πå,,Obadiah
Malachi,‡∏°‡∏≤‡∏•‡∏≤‡∏Ñ‡∏µ,,Malachi
Ruth,‡∏£‡∏π‡∏ò,,Ruth
Ezra,‡πÄ‡∏≠‡∏ã‡∏£‡∏≤,,Ezra
Nehemiah,‡πÄ‡∏ô‡∏´‡∏∞‡∏°‡∏µ‡∏¢‡πå,,Nehemiah
Esther,‡πÄ‡∏≠‡∏™‡πÄ‡∏ò‡∏≠‡∏£‡πå,,Esther
Job,‡∏á‡∏≤‡∏ô,,Job
moses2,1593 ‡∏ñ‡∏∂‡∏á 1473 ‡∏Å‡πà‡∏≠‡∏ô ‡∏™.‡∏®. ‚Äì 120 ‡∏õ‡∏µ,,1593 to 1473 B.C.E. ‚Äì 120 years
moses3,‡πÇ‡∏°‡πÄ‡∏™‡∏™,,Moses
wilderness,‡∏≠‡∏¥‡∏™‡∏£‡∏≤‡πÄ‡∏≠‡∏•‡πÉ‡∏ô‡∏ñ‡∏¥‡πà‡∏ô‡∏ó‡∏∏‡∏£‡∏Å‡∏±‡∏ô‡∏î‡∏≤‡∏£ 1513 ‡∏ñ‡∏∂‡∏á 1473 ‡∏Å‡πà‡∏≠‡∏ô ‡∏™.‡∏®. ‚Äì 40 ‡∏õ‡∏µ,,Israel in the wilderness 1513 to 1473 B.C.E. ‚Äì 40 years
timespan_judges,1473 ‡∏ñ‡∏∂‡∏á 1117 ‡∏Å‡πà‡∏≠‡∏ô ‡∏™.‡∏®. ‚Äì 356 ‡∏õ‡∏µ,,1473 to 1117 B.C.E. ‚Äì 356 years
timespan_judges2,‡πÄ‡∏ß‡∏•‡∏≤‡∏Ç‡∏≠‡∏á‡∏ú‡∏π‡πâ‡∏û‡∏¥‡∏û‡∏≤‡∏Å‡∏©‡∏≤,,Time of the judges
temple1,‡πÑ‡∏ô‡∏ã‡∏≤‡∏ô 1513 ‡∏Å‡πà‡∏≠‡∏ô ‡∏™.‡∏®. ‡∏ñ‡∏∂‡∏á Ziv 1034 ‡∏Å‡πà‡∏≠‡∏ô‡∏Ñ‡∏£‡∏¥‡∏™‡∏ï‡∏®‡∏±‡∏Å‡∏£‡∏≤‡∏ä,,Nisan 1513 B.C.E. to Ziv 1034 B.C.E.
temple2,479 ‡∏õ‡∏µ‡∏ñ‡∏∂‡∏á‡∏Å‡∏≤‡∏£‡∏Å‡πà‡∏≠‡∏™‡∏£‡πâ‡∏≤‡∏á‡∏û‡∏£‡∏∞‡∏ß‡∏¥‡∏´‡∏≤‡∏£ ‚Äì 1 ‡∏û‡∏á‡∏®‡πå‡∏Å‡∏©‡∏±‡∏ï‡∏£‡∏¥‡∏¢‡πå 6:1,1034 BCE,479 years until the temple construction ‚Äì 1 Kings 6:1
69weeks,‡∏û‡∏£‡∏∞‚Äã‡πÄ‡∏¢‡∏ã‡∏π‚Äã‡∏ó‡∏£‡∏á‚Äã‡πÉ‡∏´‡πâ‚Äã‡∏ö‡∏±‡∏û‡∏ï‡∏¥‡∏™‡∏°‡∏≤‚Äã‡πÉ‡∏ô‚Äã‡∏§‡∏î‡∏π‚Äã‡πÉ‡∏ö‚Äã‡πÑ‡∏°‡πâ‚Äã‡∏£‡πà‡∏ß‡∏á ‡∏™.‡∏®. 29,,Jesus baptized autumn 29 C.E.
69weeks2,69 ‡∏™‡∏±‡∏õ‡∏î‡∏≤‡∏´‡πå‡∏ñ‡∏∂‡∏á‡∏û‡∏£‡∏∞‡πÄ‡∏°‡∏™‡∏™‡∏¥‡∏¢‡∏≤‡∏´‡πå - ‡∏î‡∏≤‡πÄ‡∏ô‡∏µ‡∏¢‡∏• 9:25,,69 weeks to the Messiah ‚Äì Daniel 9:25
jesus_service,‡∏£‡∏±‡∏ö‡πÉ‡∏ä‡πâ‡∏û‡∏£‡∏∞‡πÄ‡∏¢‡∏ã‡∏π 3.5 ‡∏õ‡∏µ ‡∏ñ‡∏π‡∏Å‡∏õ‡∏£‡∏∞‡∏´‡∏≤‡∏£‡πÉ‡∏ô‡∏ß‡∏±‡∏ô‡∏ó‡∏µ‡πà 14 ‡πÑ‡∏ô‡∏ã‡∏≤‡∏ô ‡∏™.‡∏®. 33,,"3.5 years of Jesus service, executed Nisan 14th, 33 C.E."
jesus_life,‡∏û‡∏£‡∏∞‡πÄ‡∏¢‡∏ã‡∏π‡∏õ‡∏£‡∏∞‡∏™‡∏π‡∏ï‡∏¥ 2 ‡∏Å‡πà‡∏≠‡∏ô ‡∏™.‡∏®.,,Jesus born 2 B.C.E.
exile,607 ‡∏ñ‡∏∂‡∏á 537 ‡∏Ñ‡∏£‡∏¥‡∏™‡∏ï‡∏®‡∏±‡∏Å‡∏£‡∏≤‡∏ä ‚Äì 70 ‡∏õ‡∏µ (‡πÄ‡∏¢‡πÄ‡∏£‡∏°‡∏µ‡∏¢‡πå 25:11),,607 to 537 B.C.E. ‚Äì 70 years (Jeremiah 25:11)
exile2,‡πÄ‡∏ô‡∏£‡πÄ‡∏ó‡∏®,,exile
7times,‡∏ß‡∏¥‡∏ß‡∏£‡∏ì‡πå 12:9,,Revelation 12:9
7times2,7 ‡∏Ñ‡∏£‡∏±‡πâ‡∏á ‚Äì 2520 ‡∏õ‡∏µ‡∏ñ‡∏∂‡∏á‡∏≠‡∏≤‡∏ì‡∏≤‡∏à‡∏±‡∏Å‡∏£‡πÄ‡∏°‡∏™‡∏™‡∏¥‡∏¢‡∏≤‡∏´‡πå ‡∏™.‡∏®. 1914 (‡∏î‡∏≤‡πÄ‡∏ô‡∏µ‡∏¢‡∏• 4:23),,7 times ‚Äì 2520 years to the Messianic Kingdom 1914 C.E. (Daniel 4:23)
ww1,‡∏™‡∏á‡∏Ñ‡∏£‡∏≤‡∏°‡πÇ‡∏•‡∏Å‡∏Ñ‡∏£‡∏±‡πâ‡∏á‡∏ó‡∏µ‡πà‡∏´‡∏ô‡∏∂‡πà‡∏á ‚Äì ‡∏Ñ.‡∏®. 1914‚Äì1918,,World War I ‚Äì 1914‚Äì1918 C.E.
ww2,‡∏™‡∏á‡∏Ñ‡∏£‡∏≤‡∏°‡πÇ‡∏•‡∏Å‡∏Ñ‡∏£‡∏±‡πâ‡∏á‡∏ó‡∏µ‡πà‡∏™‡∏≠‡∏á ‚Äì ‡∏Ñ.‡∏®. 1939‚Äì1945,,World War II ‚Äì 1939‚Äì1945 C.E.
30_year_war,‡∏™‡∏á‡∏Ñ‡∏£‡∏≤‡∏°‡∏™‡∏≤‡∏°‡∏™‡∏¥‡∏ö‡∏õ‡∏µ‡πÉ‡∏ô‡∏¢‡∏∏‡πÇ‡∏£‡∏õ ‡∏Ñ.‡∏®. 1618-1648,,Thirty Years' War in Europe 1618-1648
joshua,110 ‡∏õ‡∏µ,,110 years
joshua2,‡πÇ‡∏à‡∏ä‡∏±‡∏ß,,Joshua
caleb,‡∏Å‡∏ß‡πà‡∏≤ 85 ‡∏õ‡∏µ,,more than 85 years
caleb2,‡∏Ñ‡∏≤‡πÄ‡∏•‡∏ö,,Caleb
missionary1,‡∏Å‡∏≤‡∏£‡πÄ‡∏î‡∏¥‡∏ô‡∏ó‡∏≤‡∏á‡πÄ‡∏ú‡∏¢‡πÅ‡∏ú‡πà‡∏®‡∏≤‡∏™‡∏ô‡∏≤‡∏Ñ‡∏£‡∏±‡πâ‡∏á‡πÅ‡∏£‡∏Å‡∏Ç‡∏≠‡∏á‡πÄ‡∏õ‡∏≤‡πÇ‡∏• ‡∏õ‡∏£‡∏∞‡∏°‡∏≤‡∏ì‡∏õ‡∏µ ‡∏Ñ.‡∏®. ‡∏™.‡∏®. 47-48 ‡∏Å‡∏±‡∏ö‡∏ö‡∏≤‡∏£‡∏ô‡∏≤‡∏ö‡∏±‡∏™‡πÅ‡∏•‡∏∞‡∏¢‡∏≠‡∏´‡πå‡∏ô ‡∏°‡∏≤‡∏£‡∏∞‡πÇ‡∏Å,,"First Missionary Journey of Paul, c. 47-48 C.E. with Barnabas and John Mark"
circumcision,‡∏õ‡∏£‡∏∞‡πÄ‡∏î‡πá‡∏ô‡πÄ‡∏£‡∏∑‡πà‡∏≠‡∏á‡∏Å‡∏≤‡∏£‡πÄ‡∏Ç‡πâ‡∏≤‡∏™‡∏∏‡∏´‡∏ô‡∏±‡∏ï‡∏ó‡∏µ‡πà‡πÄ‡∏°‡∏∑‡∏≠‡∏á‡∏≠‡∏±‡∏ô‡∏ó‡∏¥‡πÇ‡∏≠‡∏Å ‡∏Å‡∏≤‡∏£‡∏õ‡∏£‡∏∞‡∏ä‡∏∏‡∏°‡πÉ‡∏´‡∏ç‡πà‡πÉ‡∏ô‡∏Å‡∏£‡∏∏‡∏á‡πÄ‡∏¢‡∏£‡∏π‡∏ã‡∏≤‡πÄ‡∏•‡πá‡∏° ‡∏õ‡∏£‡∏∞‡∏°‡∏≤‡∏ì‡∏õ‡∏µ ‡∏Ñ.‡∏®. ‡∏™.‡∏®. 49,,"Circumcision issue at Antioch, conference in Jerusalem c. 49 C.E."
missionary2,‡∏Å‡∏≤‡∏£‡πÄ‡∏î‡∏¥‡∏ô‡∏ó‡∏≤‡∏á‡πÄ‡∏ú‡∏¢‡πÅ‡∏ú‡πà‡∏®‡∏≤‡∏™‡∏ô‡∏≤‡∏Ñ‡∏£‡∏±‡πâ‡∏á‡∏ó‡∏µ‡πà‡∏™‡∏≠‡∏á‡∏Ñ. ‡∏™.‡∏®. 49-52 ‡∏Å‡∏±‡∏ö‡∏™‡∏¥‡∏•‡∏≤‡∏™ (‡∏ã‡∏¥‡∏•‡∏ß‡∏≤‡∏ô‡∏±‡∏™),,Second Missionary Journey c. 49-52 C.E with Silas (Silvanus)
missionary3,‡∏Å‡∏≤‡∏£‡πÄ‡∏î‡∏¥‡∏ô‡∏ó‡∏≤‡∏á‡πÄ‡∏ú‡∏¢‡πÅ‡∏ú‡πà‡∏®‡∏≤‡∏™‡∏ô‡∏≤‡∏Ñ‡∏£‡∏±‡πâ‡∏á‡∏ó‡∏µ‡πà‡∏™‡∏≤‡∏° ‡∏Ñ. ‡∏™.‡∏®. 52-56,,Third Missionary Journey c. 52-56 C.E.
caesarea,‡πÄ‡∏õ‡∏≤‡πÇ‡∏•‡∏ñ‡∏π‡∏Å‡∏Ñ‡∏ß‡∏ö‡∏Ñ‡∏∏‡∏°‡∏ï‡∏±‡∏ß‡πÉ‡∏ô‡πÄ‡∏°‡∏∑‡∏≠‡∏á‡∏ã‡∏µ‡∏ã‡∏≤‡πÄ‡∏£‡∏µ‡∏¢‡∏£‡∏≤‡∏ß‡πÜ ‡∏õ‡∏µ ‡∏Ñ. ‡∏™.‡∏®. 56-58,,Paul in custody in Caesarea c. 56-58 C.E.
rome1,‡∏Å‡∏≤‡∏£‡∏à‡∏≥‡∏Ñ‡∏∏‡∏Å‡∏Ñ‡∏£‡∏±‡πâ‡∏á‡πÅ‡∏£‡∏Å‡∏Ç‡∏≠‡∏á‡πÄ‡∏õ‡∏≤‡πÇ‡∏•‡πÉ‡∏ô‡∏Å‡∏£‡∏∏‡∏á‡πÇ‡∏£‡∏°‡∏õ‡∏£‡∏∞‡∏°‡∏≤‡∏ì‡∏Ñ.‡∏®. ‡∏™.‡∏®. 59-61,,Paul‚Äôs first imprisonment in Rome c. 59-61 C.E.
rome2,"‡∏Å‡∏≤‡∏£‡∏à‡∏≥‡∏Ñ‡∏∏‡∏Å‡∏Ñ‡∏£‡∏±‡πâ‡∏á‡∏ó‡∏µ‡πà‡∏™‡∏≠‡∏á‡∏Ç‡∏≠‡∏á‡πÄ‡∏õ‡∏≤‡πÇ‡∏•‡πÉ‡∏ô‡∏Å‡∏£‡∏∏‡∏á‡πÇ‡∏£‡∏°‡∏Ñ. 65 CE, 2 ‡∏ó‡∏¥‡πÇ‡∏°‡∏ò‡∏µ‡πÄ‡∏Ç‡∏µ‡∏¢‡∏ô, ‡πÄ‡∏õ‡∏≤‡πÇ‡∏•‡∏ñ‡∏π‡∏Å‡∏õ‡∏£‡∏∞‡∏´‡∏≤‡∏£‡∏ä‡∏µ‡∏ß‡∏¥‡∏ï",,"Paul‚Äôs second imprisonment in Rome c. 65 CE, 2 Timothy written, Paul executed"
Julius,‡∏à‡∏π‡πÄ‡∏•‡∏µ‡∏¢‡∏™,,Julius
Augustus,‡∏≠‡∏≠‡∏Å‡∏±‡∏™‡∏ï‡∏±‡∏™,,Augustus
Tiberius,‡∏ó‡∏¥‡πÄ‡∏ö‡πÄ‡∏£‡∏µ‡∏¢‡∏™,,Tiberius
Caligula,‡∏Ñ‡∏≤‡∏•‡∏¥‡∏Å‡∏π‡∏•‡∏≤,,Caligula
Claudius,‡∏Ñ‡∏•‡∏≠‡∏î‡∏¥‡∏≠‡∏∏‡∏™,,Claudius
Nero,‡πÄ‡∏ô‡πÇ‡∏£,,Nero
Galba-Otho-Vitellius,‡∏Å‡∏±‡∏•‡∏ö‡∏≤ ‡πÇ‡∏≠‡πÇ‡∏ó ‡πÅ‡∏•‡∏∞‡∏ß‡∏¥‡πÄ‡∏ó‡∏•‡∏•‡∏¥‡∏≠‡∏∏‡∏™ (‡∏õ‡∏µ‡∏ó‡∏µ‡πà‡∏™‡∏µ‡πà‡∏à‡∏±‡∏Å‡∏£‡∏û‡∏£‡∏£‡∏î‡∏¥),,"Galba, Otho and Vitellius (Year of the Four Emperors)"
Vespasian,‡πÄ‡∏ß‡∏™‡∏õ‡πâ‡∏≤‡πÄ‡∏ã‡∏µ‡∏¢‡∏ô,,Vespasian
event_exodus,‡∏≠‡∏û‡∏¢‡∏û‡∏≠‡∏≠‡∏Å‡∏à‡∏≤‡∏Å‡∏≠‡∏µ‡∏¢‡∏¥‡∏õ‡∏ï‡πå‡πÉ‡∏ô‡∏ß‡∏±‡∏ô‡∏ó‡∏µ‡πà 14 ‡πÑ‡∏ô‡∏ã‡∏≤‡∏ô 1513 ‡∏Å‡πà‡∏≠‡∏ô ‡∏™.‡∏®.,,"Exodus from Egypt on Nisan 14th, 1513 B.C.E."
event_division_kingdom,‡∏Å‡∏≠‡∏á‡∏≠‡∏¥‡∏™‡∏£‡∏≤‡πÄ‡∏≠‡∏• 997 ‡∏õ‡∏µ‡∏Å‡πà‡∏≠‡∏ô‡∏Ñ‡∏£‡∏¥‡∏™‡∏ï‡∏®‡∏±‡∏Å‡∏£‡∏≤‡∏ä,,Division of Israel 997 BCE
event_destruction_samaria,‡∏Ñ‡∏ß‡∏≤‡∏°‡∏û‡∏¥‡∏ô‡∏≤‡∏®‡∏Ç‡∏≠‡∏á‡∏™‡∏∞‡∏°‡∏≤‡πÄ‡∏£‡∏µ‡∏¢ 740 ‡∏Å‡πà‡∏≠‡∏ô‡∏Ñ‡∏£‡∏¥‡∏™‡∏ï‡∏®‡∏±‡∏Å‡∏£‡∏≤‡∏ä ‡πÇ‡∏î‡∏¢‡∏≠‡∏±‡∏™‡∏ã‡∏µ‡πÄ‡∏£‡∏µ‡∏¢,,Destruction of Samaria 740 B.C.E. by Assyria
event_destruction_samaria2,740 ‡∏Å‡πà‡∏≠‡∏ô ‡∏™.‡∏®. ‡πÇ‡∏î‡∏¢‡∏≠‡∏±‡∏™‡∏ã‡∏µ‡πÄ‡∏£‡∏µ‡∏¢,,740 B.C.E. by Assyria
event_destruction_jerusalem1,‡∏Å‡∏≤‡∏£‚Äã‡∏ó‡∏≥‡∏•‡∏≤‡∏¢‚Äã‡∏Å‡∏£‡∏∏‡∏á‚Äã‡πÄ‡∏¢‡∏£‡∏π‡∏ã‡∏≤‡πÄ‡∏•‡∏° 607 ‡∏Å‡πà‡∏≠‡∏ô ‡∏™.‡∏®. ‡πÇ‡∏î‡∏¢‡∏ö‡∏≤‡∏ö‡∏¥‡πÇ‡∏•‡∏ô 390 ‡∏õ‡∏µ‡∏´‡∏•‡∏±‡∏á‡∏à‡∏≤‡∏Å‡∏Å‡∏≤‡∏£‡πÅ‡∏ö‡πà‡∏á‡∏≠‡∏≤‡∏ì‡∏≤‡∏à‡∏±‡∏Å‡∏£ (‡πÄ‡∏≠‡πÄ‡∏™‡πÄ‡∏Ñ‡∏µ‡∏¢‡∏• 4:5),,"Destruction of Jerusalem 607 B.C.E. by Babylon, 390 years after the division of the kingdom (Ezekiel 4:5)"
event_temple_rebuilt,‡∏ß‡∏¥‡∏´‡∏≤‡∏£‡πÉ‡∏ô‡∏Å‡∏£‡∏∏‡∏á‡πÄ‡∏¢‡∏£‡∏π‡∏ã‡∏≤‡πÄ‡∏•‡∏°‡∏™‡∏£‡πâ‡∏≤‡∏á‡∏Ç‡∏∂‡πâ‡∏ô‡πÉ‡∏´‡∏°‡πà‡πÄ‡∏°‡∏∑‡πà‡∏≠ 515 ‡∏Å‡πà‡∏≠‡∏ô‡∏Ñ‡∏£‡∏¥‡∏™‡∏ï‡∏®‡∏±‡∏Å‡∏£‡∏≤‡∏ä,,Temple in Jerusalem rebuilt 515 B.C.E.
event_jerusalem_rebuilt,‡∏Å‡∏≥‡πÅ‡∏û‡∏á‡∏Å‡∏£‡∏∏‡∏á‡πÄ‡∏¢‡∏£‡∏π‡∏ã‡∏≤‡πÄ‡∏•‡∏°‡∏™‡∏£‡πâ‡∏≤‡∏á‡∏Ç‡∏∂‡πâ‡∏ô‡πÉ‡∏´‡∏°‡πà‡πÄ‡∏°‡∏∑‡πà‡∏≠ 455 ‡∏Å‡πà‡∏≠‡∏ô‡∏Ñ‡∏£‡∏¥‡∏™‡∏ï‡∏®‡∏±‡∏Å‡∏£‡∏≤‡∏ä,,Jerusalem wall rebuilt 455 B.C.E.
event_destruction_jerusalem2,‡∏Å‡∏≤‡∏£‚Äã‡∏ó‡∏≥‡∏•‡∏≤‡∏¢‚Äã‡∏Å‡∏£‡∏∏‡∏á‚Äã‡πÄ‡∏¢‡∏£‡∏π‡∏ã‡∏≤‡πÄ‡∏•‡∏°‚Äã‡πÉ‡∏ô‚Äã‡∏õ‡∏µ ‡∏™.‡∏®. 70 ‡πÇ‡∏î‡∏¢‚Äã‡πÇ‡∏£‡∏°‚Äã‡∏†‡∏≤‡∏¢‚Äã‡πÉ‡∏ï‡πâ‚Äã‡∏Å‡∏≤‡∏£‚Äã‡∏õ‡∏Å‡∏Ñ‡∏£‡∏≠‡∏á‚Äã‡∏Ç‡∏≠‡∏á‚Äã‡∏ó‡∏¥‡∏ó‡∏∏‡∏™,,Destruction of Jerusalem 70 C.E. by Rome under Titus
event_1914,‡∏™‡∏¥‡πâ‡∏ô‡∏™‡∏∏‡∏î‡∏¢‡∏∏‡∏Ñ‡∏Ç‡∏≠‡∏á‡∏ä‡∏≤‡∏ï‡∏¥‡∏ï‡πà‡∏≤‡∏á‡πÜ ‡∏≠‡∏≤‡∏ì‡∏≤‡∏à‡∏±‡∏Å‡∏£‡∏Ç‡∏≠‡∏á‡∏û‡∏£‡∏∞‡πÄ‡∏à‡πâ‡∏≤‡πÄ‡∏£‡∏¥‡πà‡∏°‡∏õ‡∏Å‡∏Ñ‡∏£‡∏≠‡∏á‡πÉ‡∏ô‡∏™‡∏ß‡∏£‡∏£‡∏Ñ‡πå‡πÉ‡∏ô‡∏õ‡∏µ ‡∏™.‡∏®. 1914,,"End of the time of the nations, Gods kingdom starts to rule in heaven 1914 C.E. "
became_king,‡∏Ç‡∏∂‡πâ‡∏ô‡πÄ‡∏õ‡πá‡∏ô‡∏Å‡∏©‡∏±‡∏ï‡∏£‡∏¥‡∏¢‡πå‡πÄ‡∏°‡∏∑‡πà‡∏≠‡∏≠‡∏≤‡∏¢‡∏∏‡∏°‡∏≤‡∏Å‡∏Ç‡∏∂‡πâ‡∏ô,,became king at age
vulgate,‡∏†‡∏π‡∏°‡∏¥‡∏ê‡∏≤‡∏ô‡πÄ‡∏™‡∏£‡πá‡∏à‡∏™‡∏°‡∏ö‡∏π‡∏£‡∏ì‡πå‡πÇ‡∏î‡∏¢‡πÄ‡∏à‡∏≠‡πÇ‡∏£‡∏° (‡∏û‡∏£‡∏∞‡∏Ñ‡∏±‡∏°‡∏†‡∏µ‡∏£‡πå‡πÅ‡∏õ‡∏•‡∏†‡∏≤‡∏©‡∏≤‡∏•‡∏∞‡∏ï‡∏¥‡∏ô) ‡∏Ñ. ‡∏™.‡∏®. 405,,Vulgate completed by Jerome (Latin translation of the bible) c. 405 C.E.
gutenberg,‡∏û‡∏£‡∏∞‡∏Ñ‡∏±‡∏°‡∏†‡∏µ‡∏£‡πå‡∏Å‡∏π‡πÄ‡∏ó‡∏ô‡πÅ‡∏ö‡∏£‡πå‡∏Å‡∏û‡∏¥‡∏°‡∏û‡πå‡πÄ‡∏°‡∏∑‡πà‡∏≠ ‡∏Ñ.‡∏®. 1455,,Gutenberg bible printed 1455
erasmus,‡∏Ç‡πâ‡∏≠‡∏Ñ‡∏ß‡∏≤‡∏°‡∏†‡∏≤‡∏©‡∏≤‡∏Å‡∏£‡∏µ‡∏Å‡∏Ç‡∏≠‡∏á‡∏û‡∏£‡∏∞‡∏Ñ‡∏±‡∏°‡∏†‡∏µ‡∏£‡πå‡∏Ñ‡∏£‡∏¥‡∏™‡πÄ‡∏ï‡∏µ‡∏¢‡∏ô‡∏†‡∏≤‡∏Ñ‡∏†‡∏≤‡∏©‡∏≤‡∏Å‡∏£‡∏µ‡∏Å ‡∏à‡∏±‡∏î‡∏û‡∏¥‡∏°‡∏û‡πå‡πÇ‡∏î‡∏¢ Desiderius Erasmus ‡πÅ‡∏´‡πà‡∏á‡πÄ‡∏°‡∏∑‡∏≠‡∏á‡∏£‡∏≠‡∏ï‡πÄ‡∏ï‡∏≠‡∏£‡πå‡∏î‡∏±‡∏° ‡∏õ‡∏µ 1516,,Greek text of Christian Greek Scriptures published by Desiderius Erasmus of Rotterdam 1516
luther,‡∏Å‡∏≤‡∏£‡πÅ‡∏õ‡∏•‡∏û‡∏£‡∏∞‡∏Ñ‡∏±‡∏°‡∏†‡∏µ‡∏£‡πå‡∏•‡∏π‡πÄ‡∏ó‡∏≠‡∏£‡πå‡πÉ‡∏ô‡πÄ‡∏î‡∏∑‡∏≠‡∏ô‡∏Å‡∏±‡∏ô‡∏¢‡∏≤‡∏¢‡∏ô ‡∏Ñ.‡∏®. 1522,,Luther Bible translation in September 1522
tyndale,‡πÅ‡∏õ‡∏•‡∏û‡∏£‡∏∞‡∏Ñ‡∏±‡∏°‡∏†‡∏µ‡∏£‡πå‡∏†‡∏≤‡∏©‡∏≤‡∏≠‡∏±‡∏á‡∏Å‡∏§‡∏©‡πÇ‡∏î‡∏¢ Tyndale 1536,,English Bible translation by Tyndale 1536
king_james,‡∏Ñ‡∏¥‡∏á‡πÄ‡∏à‡∏°‡∏™‡πå‡πÑ‡∏ö‡πÄ‡∏ö‡∏¥‡∏• 1611,,King James Bible 1611
69weeks3,"‡∏û‡∏£‡∏∞‡πÄ‡∏¢‡∏ã‡∏π‡∏ó‡∏£‡∏á‡πÄ‡∏£‡∏¥‡πà‡∏°‡∏£‡∏±‡∏ö‡πÉ‡∏ä‡πâ‡∏û‡∏£‡∏∞‡∏≠‡∏á‡∏Ñ‡πå ‡∏™.‡∏®. 29 (‡∏•‡∏π‡∏Å‡∏≤ 3:1, 21)",,"Jesus starts his service 29 CE (Luke 3:1, 21)"
ransom,‡∏Å‡∏•‡∏≤‡∏á‡∏™‡∏±‡∏õ‡∏î‡∏≤‡∏´‡πå ‚Äú‡πÄ‡∏Ñ‡∏£‡∏∑‡πà‡∏≠‡∏á‡∏ö‡∏π‡∏ä‡∏≤‡πÄ‡∏û‡∏∑‡πà‡∏≠‡∏¢‡∏∏‡∏ï‡∏¥‚Äù ‡∏î‡∏≤‡πÄ‡∏ô‡∏µ‡∏¢‡∏• 9:27,,middle of week ‚Äúsacrifice to cease‚Äù Daniel 9:27
cornelius,‡πÇ‡∏Ñ‡∏£‡πÄ‡∏ô‡∏•‡∏¥‡∏≠‡∏±‡∏™‡∏£‡∏±‡∏ö‡∏ö‡∏±‡∏û‡∏ï‡∏¥‡∏®‡∏°‡∏≤‡πÄ‡∏°‡∏∑‡πà‡∏≠‡∏™‡∏¥‡πâ‡∏ô‡∏™‡∏∏‡∏î‡∏™‡∏±‡∏õ‡∏î‡∏≤‡∏´‡πå‡∏ó‡∏µ‡πà 70 (‡∏î‡∏≤‡πÄ‡∏ô‡∏µ‡∏¢‡∏• 9:24) ‡πÉ‡∏ô‡∏õ‡∏µ ‡∏™.‡∏®. 36,,Cornelius baptized at the end of 70 weeks (Daniel 9:24) in 36 C.E.
columbus,‡∏™‡∏¥‡πâ‡∏ô‡∏™‡∏∏‡∏î‡∏¢‡∏∏‡∏Ñ‡∏û‡∏£‡∏µ‡πÇ‡∏Ñ‡∏•‡∏±‡∏°‡πÄ‡∏ö‡∏µ‡∏¢‡∏ô‡πÉ‡∏ô‡∏ó‡∏ß‡∏µ‡∏õ‡∏≠‡πÄ‡∏°‡∏£‡∏¥‡∏Å‡∏≤ ‡∏Ñ.‡∏®. 1492,,end of the pre-columbian period in the Americas 1492
declaration_independence,‡∏õ‡∏£‡∏∞‡∏Å‡∏≤‡∏®‡∏≠‡∏¥‡∏™‡∏£‡∏†‡∏≤‡∏û‡∏Ç‡∏≠‡∏á 13 ‡∏≠‡∏≤‡∏ì‡∏≤‡∏ô‡∏¥‡∏Ñ‡∏°‡πÉ‡∏ô‡∏≠‡πÄ‡∏°‡∏£‡∏¥‡∏Å‡∏≤ ‡∏û.‡∏®. 2319,,declaration of independence of 13 colonies in America 1776
tischendorf,Tischendorf ‡∏Ñ‡πâ‡∏ô‡∏û‡∏ö Codex Sinaiticus ‡∏à‡∏≤‡∏Å‡∏®‡∏ï‡∏ß‡∏£‡∏£‡∏©‡∏ó‡∏µ‡πà 4 ‡πÉ‡∏ô‡∏õ‡∏µ 1844,,Tischendorf discovers the Codex Sinaiticus from the 4th century in 1844
dead_sea_scrolls,‡πÄ‡∏Ç‡∏µ‡∏¢‡∏ô‡∏°‡πâ‡∏ß‡∏ô‡∏´‡∏ô‡∏±‡∏á‡∏™‡∏∑‡∏≠‡∏ó‡∏∞‡πÄ‡∏•‡πÄ‡∏î‡∏î‡∏ã‡∏µ,,Dead Sea Scrolls written
septuagint,‡∏û‡∏£‡∏∞‡∏Ñ‡∏±‡∏°‡∏†‡∏µ‡∏£‡πå‡πÑ‡∏ö‡πÄ‡∏ö‡∏¥‡∏•‡∏â‡∏ö‡∏±‡∏ö LXX ‡πÅ‡∏õ‡∏•‡πÅ‡∏•‡πâ‡∏ß,,Septuagint LXX translated
watchtower,‚Äú‡∏´‡∏≠‡∏™‡∏±‡∏á‡πÄ‡∏Å‡∏ï‡∏Å‡∏≤‡∏£‡∏ì‡πå‡πÅ‡∏´‡πà‡∏á‡∏ã‡∏µ‡πÇ‡∏≠‡∏ô‡πÅ‡∏•‡∏∞‡∏ú‡∏π‡πâ‡∏õ‡πà‡∏≤‡∏ß‡∏õ‡∏£‡∏∞‡∏Å‡∏≤‡∏®‡∏Å‡∏≤‡∏£‡∏õ‡∏£‡∏∞‡∏ó‡∏±‡∏ö‡∏Ç‡∏≠‡∏á‡∏û‡∏£‡∏∞‡∏Ñ‡∏£‡∏¥‡∏™‡∏ï‡πå‚Äù ‡∏â‡∏ö‡∏±‡∏ö‡πÅ‡∏£‡∏Å‡∏à‡∏±‡∏î‡∏û‡∏¥‡∏°‡∏û‡πå‡πÉ‡∏ô‡∏õ‡∏µ 1879,,The first issue of ‚ÄúZion‚Äôs Watch Tower and Herald of Christ‚Äôs Presence‚Äù is published in 1879
photodrama,‚Äú‡∏•‡∏∞‡∏Ñ‡∏£‡∏†‡∏≤‡∏û‡∏ñ‡πà‡∏≤‡∏¢‡πÅ‡∏´‡πà‡∏á‡∏Å‡∏≤‡∏£‡∏™‡∏£‡πâ‡∏≤‡∏á‡∏™‡∏£‡∏£‡∏Ñ‡πå‚Äù ‡πÄ‡∏£‡∏¥‡πà‡∏°‡∏â‡∏≤‡∏¢‡∏Ñ‡∏£‡∏±‡πâ‡∏á‡πÅ‡∏£‡∏Å‡πÉ‡∏ô‡∏ô‡∏¥‡∏ß‡∏¢‡∏≠‡∏£‡πå‡∏Å‡πÄ‡∏°‡∏∑‡πà‡∏≠‡∏ß‡∏±‡∏ô‡∏ó‡∏µ‡πà 11 ‡∏°‡∏Å‡∏£‡∏≤‡∏Ñ‡∏° 1914,,"The ‚ÄúPhoto-Drama of Creation‚Äù is first shown in New York on January 11, 1914"
jehovahs_witnesses,‡∏ô‡∏±‡∏Å‡∏®‡∏∂‡∏Å‡∏©‡∏≤‡∏û‡∏£‡∏∞‡∏Ñ‡∏±‡∏°‡∏†‡∏µ‡∏£‡πå‡πÑ‡∏î‡πâ‡∏£‡∏±‡∏ö‡∏ä‡∏∑‡πà‡∏≠‡πÉ‡∏´‡∏°‡πà - ‡∏û‡∏¢‡∏≤‡∏ô‡∏û‡∏£‡∏∞‡∏¢‡∏∞‡πÇ‡∏Æ‡∏ß‡∏≤ ‡πÉ‡∏ô‡πÄ‡∏°‡∏∑‡∏≠‡∏á‡πÇ‡∏Ñ‡∏•‡∏±‡∏°‡∏ö‡∏±‡∏™ ‡∏£‡∏±‡∏ê‡πÇ‡∏≠‡πÑ‡∏Æ‡πÇ‡∏≠ ‡πÄ‡∏°‡∏∑‡πà‡∏≠‡∏õ‡∏µ 1931,,"The Bible Students adopted a new name ‚Äì Jehovah‚Äôs Witnesses. In Columbus, Ohio, 1931"
gilead_school,‡πÇ‡∏£‡∏á‡πÄ‡∏£‡∏µ‡∏¢‡∏ô‡∏ß‡πá‡∏≠‡∏ä‡πÄ‡∏ó‡∏≤‡πÄ‡∏ß‡∏≠‡∏£‡πå‡πÑ‡∏ö‡πÄ‡∏ö‡∏¥‡∏•‡πÅ‡∏´‡πà‡∏á‡∏Å‡∏¥‡πÄ‡∏•‡∏µ‡∏¢‡∏î‡πÄ‡∏£‡∏¥‡πà‡∏°‡πÄ‡∏°‡∏∑‡πà‡∏≠‡∏ß‡∏±‡∏ô‡∏à‡∏±‡∏ô‡∏ó‡∏£‡πå‡∏ó‡∏µ‡πà 1 ‡∏Å‡∏∏‡∏°‡∏†‡∏≤‡∏û‡∏±‡∏ô‡∏ò‡πå 1943,,"Watchtower Bible School of Gilead began on Monday, February 1, 1943"
new_world_translation1,‚Äú‡∏û‡∏£‡∏∞‡∏Ñ‡∏±‡∏°‡∏†‡∏µ‡∏£‡πå‡∏ö‡∏£‡∏¥‡∏™‡∏∏‡∏ó‡∏ò‡∏¥‡πå‡∏â‡∏ö‡∏±‡∏ö‡πÅ‡∏õ‡∏•‡πÇ‡∏•‡∏Å‡πÉ‡∏´‡∏°‡πà‚Äù ‡∏≠‡∏≠‡∏Å‡πÉ‡∏ô‡πÄ‡∏°‡∏∑‡∏≠‡∏á‡πÅ‡∏°‡∏ô‡πÄ‡∏ä‡∏™‡πÄ‡∏ï‡∏≠‡∏£‡πå ‡∏õ‡∏£‡∏∞‡πÄ‡∏ó‡∏®‡∏≠‡∏±‡∏á‡∏Å‡∏§‡∏© ‡πÄ‡∏°‡∏∑‡πà‡∏≠‡∏ß‡∏±‡∏ô‡∏ó‡∏µ‡πà 18 ‡∏°‡∏¥‡∏ñ‡∏∏‡∏ô‡∏≤‡∏¢‡∏ô 1960,,"‚ÄúNew World Translation of the Holy Scriptures‚Äù released in Manchester, England on June 18, 1960"
truth_book,‡∏´‡∏ô‡∏±‡∏á‡∏™‡∏∑‡∏≠ ‚Äú‡∏Ñ‡∏ß‡∏≤‡∏°‡∏à‡∏£‡∏¥‡∏á‡∏ó‡∏µ‡πà‡∏ô‡∏≥‡πÑ‡∏õ‡∏™‡∏π‡πà‡∏ä‡∏µ‡∏ß‡∏¥‡∏ï‡∏ô‡∏¥‡∏£‡∏±‡∏ô‡∏î‡∏£‡πå‚Äù ‡∏≠‡∏≠‡∏Å‡πÄ‡∏°‡∏∑‡πà‡∏≠‡∏õ‡∏µ 1968,,The book ‚ÄúThe Truth That Leads to Eternal Life‚Äù released 1968
metropolitan,‡πÄ‡∏£‡∏¥‡πà‡∏°‡∏õ‡∏£‡∏∞‡∏Å‡∏≤‡∏®‡πÉ‡∏ô‡πÄ‡∏°‡∏∑‡∏≠‡∏á‡πÉ‡∏´‡∏ç‡πà‡πÉ‡∏ô‡∏õ‡∏µ 2011,,Start of metropolitan witnessing in 2011
jw_org,‡πÄ‡∏£‡∏¥‡πà‡∏° JW.ORG ‡∏û‡∏£‡πâ‡∏≠‡∏°‡∏Ñ‡∏≥‡πÅ‡∏ô‡∏∞‡∏ô‡∏≥‡πÉ‡∏ô‡∏û‡∏±‡∏ô‡∏ò‡∏Å‡∏¥‡∏à‡πÄ‡∏£‡∏∑‡πà‡∏≠‡∏á‡∏£‡∏≤‡∏ä‡∏≠‡∏≤‡∏ì‡∏≤‡∏à‡∏±‡∏Å‡∏£ ‡∏ò‡∏±‡∏ô‡∏ß‡∏≤‡∏Ñ‡∏° 2012,,Start of JW.ORG with instructions in kingdom ministry December 2012
new_world_translation2,‚Äú‡∏û‡∏£‡∏∞‡∏Ñ‡∏±‡∏°‡∏†‡∏µ‡∏£‡πå‡∏ö‡∏£‡∏¥‡∏™‡∏∏‡∏ó‡∏ò‡∏¥‡πå‡∏â‡∏ö‡∏±‡∏ö‡πÅ‡∏õ‡∏•‡πÇ‡∏•‡∏Å‡πÉ‡∏´‡∏°‡πà‚Äù ‡∏â‡∏ö‡∏±‡∏ö‡∏õ‡∏£‡∏±‡∏ö‡∏õ‡∏£‡∏∏‡∏á‡∏ó‡∏µ‡πà‡∏≠‡∏≠‡∏Å‡πÉ‡∏ô‡∏Å‡∏≤‡∏£‡∏õ‡∏£‡∏∞‡∏ä‡∏∏‡∏°‡∏õ‡∏£‡∏∞‡∏à‡∏≥‡∏õ‡∏µ 2013,,Revised ‚ÄúNew World Translation of the Holy Scriptures‚Äù released at annual meeting 2013
jw_broadcasting,‡πÄ‡∏£‡∏¥‡πà‡∏°‡∏≠‡∏≠‡∏Å‡∏≠‡∏≤‡∏Å‡∏≤‡∏® jw. ‡πÉ‡∏ô‡πÄ‡∏î‡∏∑‡∏≠‡∏ô‡∏ï‡∏∏‡∏•‡∏≤‡∏Ñ‡∏° 2014,,Start of jw.broadcasting in October 2014
meeting_workbook,‡∏Å‡∏≤‡∏£‡∏õ‡∏£‡∏∞‡∏ä‡∏∏‡∏°‡∏Å‡∏•‡∏≤‡∏á‡∏™‡∏±‡∏õ‡∏î‡∏≤‡∏´‡πå‡∏£‡∏π‡∏õ‡πÅ‡∏ö‡∏ö‡πÉ‡∏´‡∏°‡πà‡∏û‡∏£‡πâ‡∏≠‡∏° ‚Äú‡∏™‡∏°‡∏∏‡∏î‡∏á‡∏≤‡∏ô‡∏Å‡∏≤‡∏£‡∏õ‡∏£‡∏∞‡∏ä‡∏∏‡∏°‚Äù ‡πÄ‡∏£‡∏¥‡πà‡∏°‡∏ï‡∏±‡πâ‡∏á‡πÅ‡∏ï‡πà‡πÄ‡∏î‡∏∑‡∏≠‡∏ô‡∏°‡∏Å‡∏£‡∏≤‡∏Ñ‡∏° 2559,,New format of midweek meeting with ‚Äúmeeting workbook‚Äù starting January 2016
covid19,‡∏Å‡∏≤‡∏£‡∏£‡∏∞‡∏ö‡∏≤‡∏î‡πÉ‡∏´‡∏ç‡πà‡∏Ç‡∏≠‡∏á Covid-19 ‡∏ó‡∏±‡πà‡∏ß‡πÇ‡∏•‡∏Å‡∏ô‡∏≥‡πÑ‡∏õ‡∏™‡∏π‡πà‡∏Å‡∏≤‡∏£‡∏•‡πá‡∏≠‡∏Ñ‡∏î‡∏≤‡∏ß‡∏ô‡πå ‡∏Å‡∏≤‡∏£‡∏Å‡∏±‡∏Å‡∏Å‡∏±‡∏ô ‡πÅ‡∏•‡∏∞‡∏Å‡∏≤‡∏£‡∏õ‡∏£‡∏∞‡∏ä‡∏∏‡∏°‡πÅ‡∏ö‡∏ö‡∏ã‡∏π‡∏°,,"Global Covid-19 pandemic leads to lockdowns, quarantine and zoom-meetings"
cold_war,‡∏™‡∏ñ‡∏≤‡∏ô‡∏Å‡∏≤‡∏£‡∏ì‡πå‡∏ó‡∏≤‡∏á‡∏†‡∏π‡∏°‡∏¥‡∏£‡∏±‡∏ê‡∏®‡∏≤‡∏™‡∏ï‡∏£‡πå‡∏ó‡∏µ‡πà‡πÄ‡∏£‡∏µ‡∏¢‡∏Å‡∏ß‡πà‡∏≤ ‚Äú‡∏™‡∏á‡∏Ñ‡∏£‡∏≤‡∏°‡πÄ‡∏¢‡πá‡∏ô‚Äù ‡∏û.‡∏®. 2488-2534,,Geopolitical situation labeled ‚ÄúCold War‚Äù 1945-1991
timeline_created,"‡πÑ‡∏ó‡∏°‡πå‡πÑ‡∏•‡∏ô‡πå‡∏ô‡∏µ‡πâ‡∏™‡∏£‡πâ‡∏≤‡∏á‡∏Ç‡∏∂‡πâ‡∏ô‡πÉ‡∏ô‡∏õ‡∏µ 2023 ‡∏õ‡∏µ‡∏ó‡∏µ‡πà‡∏£‡πâ‡∏≠‡∏ô‡∏ó‡∏µ‡πà‡∏™‡∏∏‡∏î‡πÉ‡∏ô‡∏õ‡∏£‡∏∞‡∏ß‡∏±‡∏ï‡∏¥‡∏®‡∏≤‡∏™‡∏ï‡∏£‡πå‡∏Ç‡∏≠‡∏á‡∏°‡∏ô‡∏∏‡∏©‡∏¢‡πå‡πÅ‡∏•‡∏∞‡∏£‡∏≠‡∏ö 125,000 ‡∏õ‡∏µ‡∏ó‡∏µ‡πà‡∏ú‡πà‡∏≤‡∏ô‡∏°‡∏≤",,"This timeline was created in 2023, the hottest year in human history and the last 125,000 years"
codex_sinaiticus,‡πÄ‡∏Ç‡∏µ‡∏¢‡∏ô‡πÇ‡∏Ñ‡πÄ‡∏î‡πá‡∏Å‡∏ã‡πå ‡πÑ‡∏ã‡πÑ‡∏ô‡∏ï‡∏¥‡∏Ñ‡∏±‡∏™,,Codex Sinaiticus written
codex_vaticanus,‡πÄ‡∏Ç‡∏µ‡∏¢‡∏ô Codex Vaticanus,,Codex Vaticanus written
leningrad_codex,Leningrad Codex ‡πÄ‡∏Ç‡∏µ‡∏¢‡∏ô‡πÉ‡∏ô‡πÑ‡∏Ñ‡πÇ‡∏£ AD 1008,,Leningrad Codex written in Cairo AD 1008
john,‡πÇ‡∏¢‡∏Æ‡∏±‡∏ô‡πÄ‡∏Ç‡∏µ‡∏¢‡∏ô ‚Äú‡∏ß‡∏¥‡∏ß‡∏£‡∏ì‡πå‚Äù ‡∏Ç‡∏ì‡∏∞‡∏ñ‡∏π‡∏Å‡πÄ‡∏ô‡∏£‡πÄ‡∏ó‡∏®‡∏ó‡∏µ‡πà‡∏õ‡∏±‡∏ó‡πÇ‡∏°‡∏™ ‡∏™.‡∏®. 96-98,,John writes ‚Äúrevelation‚Äù while exiled on Patmos 96-98 C.E.
nicaea1,‡∏™‡∏†‡∏≤‡πÅ‡∏´‡πà‡∏á‡πÅ‡∏£‡∏Å‡∏Ç‡∏≠‡∏á‡πÑ‡∏ô‡πÄ‡∏ã‡∏µ‡∏¢,,First Council of Nicaea
buddha,‡∏û‡∏£‡∏∞‡∏û‡∏∏‡∏ó‡∏ò‡πÄ‡∏à‡πâ‡∏≤ ‚Äì ‡∏™‡∏¥‡∏ó‡∏ò‡∏±‡∏ï‡∏ñ‡∏∞‡πÇ‡∏Ñ‡∏ï‡∏°‡∏∞ ‡∏õ‡∏£‡∏∞‡∏°‡∏≤‡∏ì 563-483 ‡∏õ‡∏µ‡∏Å‡πà‡∏≠‡∏ô‡∏Ñ‡∏£‡∏¥‡∏™‡∏ï‡∏®‡∏±‡∏Å‡∏£‡∏≤‡∏ä,,The Buddha ‚Äì Siddhartha Gautama c.563-c.483 B.C.E
buddha2,‡∏û‡∏£‡∏∞‡∏û‡∏∏‡∏ó‡∏ò‡πÄ‡∏à‡πâ‡∏≤‡∏´‡∏£‡∏∑‡∏≠‡∏Ñ. 480-400 ‡∏õ‡∏µ‡∏Å‡πà‡∏≠‡∏ô‡∏Ñ‡∏£‡∏¥‡∏™‡∏ï‡∏®‡∏±‡∏Å‡∏£‡∏≤‡∏ä,,Buddha alternatively c. 480-400 B.C.E.
mohammed,‡πÇ‡∏°‡∏Æ‡∏±‡∏°‡πÄ‡∏´‡∏°‡πá‡∏î‡∏ã‡∏µ. ‡∏™.‡∏®. 570-632,,Mohammed c. 570-632 C.E.
confucius,‡∏Ç‡∏á‡∏à‡∏∑‡πä‡∏≠ ‡∏õ‡∏£‡∏∞‡∏°‡∏≤‡∏ì‡∏Ñ‡∏£‡∏¥‡∏™‡∏ï‡∏®‡∏±‡∏Å‡∏£‡∏≤‡∏ä 551-479 ‡∏Å‡πà‡∏≠‡∏ô ‡∏™.‡∏®.,,Confucius c.551-c.479 B.C.E.
hijrah,‡∏Æ‡∏¥‡∏à‡πÄ‡∏£‡∏≤‡∏∞‡∏´‡πå - ‡πÄ‡∏î‡∏¥‡∏ô‡∏ó‡∏≤‡∏á‡πÄ‡∏°‡∏Å‡∏Å‡∏∞‡∏™‡∏π‡πà‡πÄ‡∏°‡∏î‡∏¥‡∏ô‡∏≤ 16 ‡∏Å‡∏£‡∏Å‡∏é‡∏≤‡∏Ñ‡∏° 622,,Hijrah - Journey Mecca to Medina 16 July 622
moses_escape,"1553 ‡∏Å‡πà‡∏≠‡∏ô ‡∏™.‡∏®. ‡πÇ‡∏°‡πÄ‡∏™‡∏™‡∏ï‡πâ‡∏≠‡∏á‡∏´‡∏ô‡∏µ‡∏≠‡∏≠‡∏Å‡∏à‡∏≤‡∏Å‡∏≠‡∏µ‡∏¢‡∏¥‡∏õ‡∏ï‡πå - ‡∏≠‡∏û‡∏¢‡∏û 2:15, ‡∏Å‡∏¥‡∏à‡∏Å‡∏≤‡∏£ 7:23",,"1553 B.C.E. Moses has to escape Egypt ‚Äì Exodus 2:15, Acts 7:23"
10plagues,1513 ‡∏Å‡πà‡∏≠‡∏ô‡∏Ñ‡∏£‡∏¥‡∏™‡∏ï‡∏®‡∏±‡∏Å‡∏£‡∏≤‡∏ä ‡∏≠‡∏µ‡∏¢‡∏¥‡∏õ‡∏ï‡πå‡πÑ‡∏î‡πâ‡∏£‡∏±‡∏ö‡∏†‡∏±‡∏¢‡∏û‡∏¥‡∏ö‡∏±‡∏ï‡∏¥ 10 ‡∏Ñ‡∏£‡∏±‡πâ‡∏á,,1513 B.C.E Egypt receives 10 plagues
joseph_sold,‡πÇ‡∏¢‡πÄ‡∏ã‡∏ü‡∏Ç‡∏≤‡∏¢‡πÑ‡∏õ‡πÄ‡∏õ‡πá‡∏ô‡∏ó‡∏≤‡∏™‡πÄ‡∏°‡∏∑‡πà‡∏≠‡∏≠‡∏≤‡∏¢‡∏∏ 17 ‡∏õ‡∏µ - ‡∏õ‡∏ê‡∏°‡∏Å‡∏≤‡∏• 37:2,,Joseph sold as slave at the age of 17 ‚Äì Gen 37:2
infliction,‡∏Ñ‡∏ß‡∏≤‡∏°‡∏ó‡∏∏‡∏Å‡∏Ç‡πå‡∏¢‡∏≤‡∏Å 400 ‡∏õ‡∏µ (‡∏Å‡∏¥‡∏à‡∏Å‡∏≤‡∏£ 7:6) ‚Äì ‡∏≠‡∏¥‡∏ä‡∏°‡∏≤‡πÄ‡∏≠‡∏• 1913 ‡∏Å‡πà‡∏≠‡∏ô‡∏Ñ‡∏£‡∏¥‡∏™‡∏ï‡∏®‡∏±‡∏Å‡∏£‡∏≤‡∏ä,,400 year infliction (Acts 7:6) ‚Äì Ishmael 1913 B.C.E
Alexander,‡∏≠‡πÄ‡∏•‡πá‡∏Å‡∏ã‡∏≤‡∏ô‡πÄ‡∏î‡∏≠‡∏£‡πå‡∏°‡∏´‡∏≤‡∏£‡∏≤‡∏ä (‡∏î‡∏≤‡πÄ‡∏ô‡∏µ‡∏¢‡∏• 11:3),,Alexander the Great (Daniel 11:3)
persia,"‡πÑ‡∏ã‡∏£‡∏±‡∏™‡∏°‡∏´‡∏≤‡∏£‡∏≤‡∏ä, ‡πÅ‡∏Ñ‡∏°‡∏ö‡∏≤‡∏¢‡πÄ‡∏ã‡∏™‡∏ó‡∏µ‡πà 2, ‡∏î‡∏≤‡∏£‡∏¥‡∏≠‡∏±‡∏™‡∏ó‡∏µ‡πà 1 490 ‡∏õ‡∏µ‡∏Å‡πà‡∏≠‡∏ô‡∏Ñ‡∏£‡∏¥‡∏™‡∏ï‡∏®‡∏±‡∏Å‡∏£‡∏≤‡∏ä, ‡πÄ‡∏ã‡∏≠‡∏£‡πå‡∏ã‡∏µ‡∏™‡∏ó‡∏µ‡πà 1 480 ‡∏õ‡∏µ‡∏Å‡πà‡∏≠‡∏ô‡∏Ñ‡∏£‡∏¥‡∏™‡∏ï‡∏®‡∏±‡∏Å‡∏£‡∏≤‡∏ä (‡∏™‡∏≤‡∏°‡∏µ‡∏Ç‡∏≠‡∏á‡πÄ‡∏≠‡∏™‡πÄ‡∏ò‡∏≠‡∏£‡πå ‡∏î‡∏≤‡πÄ‡∏ô‡∏µ‡∏¢‡∏• 11:2)",,"Cyrus the Great, Cambyses II, Darius I 490 BCE, Xerxes I 480 BCE (husband of Esther, Daniel 11:2)"
persia2,‡πÄ‡∏õ‡∏≠‡∏£‡πå‡πÄ‡∏ã‡∏µ‡∏¢,,Persia
king_north,"Seleucus I Nicator (v5) ‡∏ã‡∏µ‡πÄ‡∏£‡∏µ‡∏¢‡∏ñ‡∏∂‡∏á Antiochus III (v10) ‡πÅ‡∏•‡∏∞ Seleucus IV (v18, 19) ‡∏•‡∏á‡πÑ‡∏õ‡∏ñ‡∏∂‡∏á Octavian (v20) ‡πÅ‡∏•‡∏∞ Tiberius (v21-24)",,"Seleucus I Nicator (v5) Syria to Antiochus III (v10) and Seleucus IV (v18, 19) down to Octavian (v20) and Tiberius (v21-24)"
king_north1,‡∏Å‡∏©‡∏±‡∏ï‡∏£‡∏¥‡∏¢‡πå‡πÅ‡∏´‡πà‡∏á‡∏ó‡∏¥‡∏®‡πÄ‡∏´‡∏ô‡∏∑‡∏≠,,King of the North
king_south,"‡∏õ‡πÇ‡∏ï‡πÄ‡∏•‡∏°‡∏µ‡∏ó‡∏µ‡πà 1, II, III, IV (‡∏Ç‡πâ‡∏≠ 11, 12), V (‡∏Ç‡πâ‡∏≠ 15, 16) ‡∏ñ‡∏∂‡∏á‡∏Å‡∏≤‡∏£‡∏£‡∏ö‡∏ó‡∏µ‡πà‡∏≠‡∏±‡∏Å‡∏ó‡∏¥‡∏≠‡∏∏‡∏° 31 ‡∏Å‡πà‡∏≠‡∏ô‡∏Ñ‡∏£‡∏¥‡∏™‡∏ï‡∏®‡∏±‡∏Å‡∏£‡∏≤‡∏ä",,"Ptolemy I, II, III, IV (v11, 12), V (v15, 16) to the battle Actium 31 B.C.E."
king_south1,‡∏Å‡∏©‡∏±‡∏ï‡∏£‡∏¥‡∏¢‡πå‡πÅ‡∏´‡πà‡∏á‡πÅ‡∏î‡∏ô‡πÉ‡∏ï‡πâ,,King of the South
king_south2,‡∏à‡∏±‡∏Å‡∏£‡∏ß‡∏£‡∏£‡∏î‡∏¥‡∏≠‡∏±‡∏á‡∏Å‡∏§‡∏© ‡∏û.‡∏®. 2413 ‡∏°‡∏´‡∏≤‡∏≠‡∏≥‡∏ô‡∏≤‡∏à‡πÇ‡∏•‡∏Å‡πÅ‡∏≠‡∏á‡πÇ‡∏Å‡∏•-‡∏≠‡πÄ‡∏°‡∏£‡∏¥‡∏Å‡∏±‡∏ô ‡∏ï‡∏±‡πâ‡∏á‡πÅ‡∏ï‡πà‡∏õ‡∏µ ‡∏û.‡∏®. 2457,,"British empire 1870, Anglo-American World Power since 1914"
king_south3,‡∏Å‡∏©‡∏±‡∏ï‡∏£‡∏¥‡∏¢‡πå‡πÅ‡∏´‡πà‡∏á‡πÅ‡∏î‡∏ô‡πÉ‡∏ï‡πâ,,King of the South
king_north2,"‡πÄ‡∏¢‡∏≠‡∏£‡∏°‡∏ô‡∏µ‡∏Å‡∏±‡∏ö‡∏à‡∏±‡∏Å‡∏£‡∏û‡∏£‡∏£‡∏î‡∏¥‡∏ß‡∏¥‡∏•‡πÄ‡∏•‡∏µ‡∏¢‡∏°‡∏ó‡∏µ‡πà 1 1871 (v28), 1914 (v29), 1935 (v30b), 1939 (v31a)",,"Germany with Emperor William I 1871 (v28), 1914 (v29), 1935 (v30b), 1939 (v31a)"
king_north3,‡∏ó‡∏¥‡∏®‡πÄ‡∏´‡∏ô‡∏∑‡∏≠,,North
king_north4,"‡∏™‡∏´‡∏†‡∏≤‡∏û‡πÇ‡∏ã‡πÄ‡∏ß‡∏µ‡∏¢‡∏ï ‡∏û.‡∏®. 2488-2534 (‡∏î‡∏≤‡πÄ‡∏ô‡∏µ‡∏¢‡∏• 11:32-39, 40‡∏Ç, 41)",,"Soviet Union 1945-1991 (Daniel 11:32-39, 40b, 41)"
king_north5,‡∏£‡∏±‡∏™‡πÄ‡∏ã‡∏µ‡∏¢‡∏ï‡∏±‡πâ‡∏á‡πÅ‡∏ï‡πà‡∏õ‡∏µ 2017 (‡∏´ 20 ‡∏û‡∏§‡∏©‡∏†‡∏≤‡∏Ñ‡∏°),,Russia since 2017 (w20 May)
time_of_end,‡∏Å‡∏≤‡∏£‡∏õ‡∏£‡∏∞‡∏ó‡∏±‡∏ö‡∏Ç‡∏≠‡∏á‡∏û‡∏£‡∏∞‡∏Ñ‡∏£‡∏¥‡∏™‡∏ï‡πå ‡∏Å‡∏≤‡∏£‡∏™‡∏¥‡πâ‡∏ô‡∏™‡∏∏‡∏î‡∏Ç‡∏≠‡∏á‡∏£‡∏∞‡∏ö‡∏ö (‡∏°‡∏±‡∏ó‡∏ò‡∏¥‡∏ß 24:3) ‡∏ß‡∏≤‡∏£‡∏∞‡∏™‡∏∏‡∏î‡∏ó‡πâ‡∏≤‡∏¢ (2‡∏ó‡∏ò.3:1),,"Presence of Christ, Conclusion of the system of things (Matt 24:3), the last days (2Ti 3:1)"
time_of_end2,‡∏ß‡∏±‡∏ô‡∏™‡∏∏‡∏î‡∏ó‡πâ‡∏≤‡∏¢,,last days
suryavaman2,‡∏û‡∏£‡∏∞‡πÄ‡∏à‡πâ‡∏≤‡∏™‡∏∏‡∏£‡∏¥‡∏¢‡∏ß‡∏£‡∏°‡∏±‡∏ô‡∏ó‡∏µ‡πà 2 ‡∏ó‡∏£‡∏á‡∏™‡∏£‡πâ‡∏≤‡∏á‡∏ô‡∏Ñ‡∏£‡∏ß‡∏±‡∏î 1113-1150,,King Suryavarman II builds Angkor Wat 1113-1150
notre-dame,‡∏ô‡πá‡∏≠‡∏ó‡∏£‡πå-‡∏î‡∏≤‡∏°‡πÅ‡∏´‡πà‡∏á‡∏õ‡∏≤‡∏£‡∏µ‡∏™ ‡∏™‡∏£‡πâ‡∏≤‡∏á‡∏Ç‡∏∂‡πâ‡∏ô‡πÉ‡∏ô‡∏õ‡∏µ ‡∏Ñ.‡∏®. 1163-1260,,Notre-Dame de Paris built 1163-1260
jehoiada,‡πÄ‡∏¢‡πÇ‡∏Æ‡∏¢‡∏≤‡∏î‡∏≤,,Jehoiada
babel,‡∏´‡∏≠‡∏Ñ‡∏≠‡∏¢‡πÅ‡∏´‡πà‡∏á‡∏ö‡∏≤‡πÄ‡∏ö‡∏•‡∏ó‡∏µ‡πà‡∏™‡∏£‡πâ‡∏≤‡∏á‡∏Ç‡∏∂‡πâ‡∏ô,,tower of Babel built
Haggai,‡∏Æ‡∏±‡∏Å‡πÑ‡∏Å,,Haggai
Zephaniah,‡πÄ‡∏ã‡∏ü‡∏≤‡πÄ‡∏ô‡∏µ‡∏¢,,Zephaniah
Zerubbabel,‡πÄ‡∏®‡∏£‡∏∏‡∏ö‡∏ö‡∏≤‡πÄ‡∏ö‡∏• (‡∏•‡∏π‡∏Å‡∏≤ 3:27),,Zerubbabel (Luke 3:27)
Babylon,"‡∏î‡∏≤‡πÄ‡∏ô‡∏µ‡∏¢‡∏• 2:32, 36-38; 7:4",,"Daniel 2:32, 36-38; 7:4"
Medopersia,"‡∏î‡∏≤‡πÄ‡∏ô‡∏µ‡∏¢‡∏• 2:32, 39; 7:5",,"Daniel 2:32, 39; 7:5"
Greece,"‡∏î‡∏≤‡πÄ‡∏ô‡∏µ‡∏¢‡∏• 2:32, 39; 7:6",,"Daniel 2:32, 39; 7:6"
Rome,"‡∏î‡∏≤‡πÄ‡∏ô‡∏µ‡∏¢‡∏• 2:33, 40; 7:7",,"Daniel 2:33, 40; 7:7"
Angloamerica,"‡∏î‡∏≤‡πÄ‡∏ô‡∏µ‡∏¢‡∏• 2:33, 41-43",,"Daniel 2:33, 41-43"
Babylon_c,‡∏ö‡∏≤‡∏ö‡∏¥‡πÇ‡∏•‡∏ô,,Babylon
Medopersia_c,‡∏°‡∏¥‡πÇ‡∏î-‡πÄ‡∏õ‡∏≠‡∏£‡πå‡πÄ‡∏ã‡∏µ‡∏¢,,Medo-Persia
Greece_c,‡∏Å‡∏£‡∏µ‡∏ã,,Greece
Rome_c,‡πÇ‡∏£‡∏°,,Rome
Angloamerica_c,‡πÅ‡∏≠‡∏á‡πÇ‡∏Å‡∏•-‡∏≠‡πÄ‡∏°‡∏£‡∏¥‡∏Å‡∏≤,,Anglo-America
infliction1,‡∏Ñ‡∏ß‡∏≤‡∏°‡∏ó‡∏∏‡∏Å‡∏Ç‡πå‡∏¢‡∏≤‡∏Å 400 ‡∏õ‡∏µ,Acts 7:6,400 year infliction
infliction2,‡∏Å‡∏¥‡∏à‡∏Å‡∏≤‡∏£ 7:6,,Acts 7:6
Jacob2,‡πÄ‡∏à‡∏Ñ‡∏≠‡∏ö/,Jacob/Israel 1858-1711 ‚Äì 147 years,Jacob/
Israel,‡∏≠‡∏¥‡∏™‡∏£‡∏≤‡πÄ‡∏≠‡∏•,,Israel
Sarah,‡∏ã‡∏≤‡∏£‡∏≤‡∏´‡πå,2008-1881 BCE ‚Äì 127 years,Sarah
Hagar,‡∏Æ‡∏≤‡∏Å‡∏≤‡∏£‡πå,Genesis 21:14,Hagar
Haran,‡∏Æ‡∏≤‡∏£‡∏≤‡∏ô,Genesis 11:26,Haran
Nahor,‡∏ô‡∏≤‡∏Æ‡∏≠‡∏£‡πå,,Nahor
Reumah,‡πÄ‡∏£‡∏≠‡∏π‡∏°‡∏≤‡∏´‡πå,Concubine ‚Äì 4 sons,Reumah
Milcah,‡∏°‡∏¥‡∏•‡∏Å‡πâ‡∏≤,8 sons (Bethuel and 7 more),Milcah
Lot,‡∏°‡∏≤‡∏Å,,Lot
Lots_wife,‡∏†‡∏£‡∏£‡∏¢‡∏≤‡∏Ç‡∏≠‡∏á‡πÇ‡∏•‡∏ï,,Lot‚Äôs wife
Lots_daughters,‡∏ò‡∏¥‡∏î‡∏≤‡∏Ç‡∏≠‡∏á‡πÇ‡∏•‡∏ó,,Daughters of Lot
Moab,‡πÇ‡∏°‡∏≠‡∏±‡∏ö (‡∏•‡∏π‡∏Å‡∏™‡∏≤‡∏ß‡∏Ñ‡∏ô‡πÇ‡∏ï),,Moab (older daughter)
Ammon,‡πÄ‡∏ö‡∏ô‡∏≠‡∏±‡∏°‡∏°‡∏µ (‡∏≠‡∏±‡∏°‡πÇ‡∏°‡∏ô),,Ben-ammi (Ammon)
Bethuel,‡πÄ‡∏ö‡∏ò‡∏π‡πÄ‡∏≠‡∏•,,Bethuel
Rebekah,‡∏£‡∏µ‡πÄ‡∏ö‡∏Ñ‡∏Å‡πâ‡∏≤,,Rebekah
Laban,‡∏•‡∏≤‡∏ö‡∏±‡∏ô,,Laban
Leah,‡∏•‡∏µ‡∏≠‡∏≤‡∏´‡πå,Genesis 35:23,Leah
Rachel,‡∏£‡∏≤‡πÄ‡∏ä‡∏•,Genesis 35:24,Rachel
Bilhah,‡∏ö‡∏¥‡∏•‡∏Æ‡∏≤‡∏´‡πå,Genesis 35:25,Bilhah
Zilpah,‡∏®‡∏¥‡∏•‡∏õ‡∏≤‡∏´‡πå,Genesis 35:26,Zilpah
Reuben,‡∏£‡∏π‡πÄ‡∏ö‡∏ô,,Reuben
Simeon,‡∏™‡∏¥‡πÄ‡∏°‡πÇ‡∏≠‡∏ô,,Simeon
Levi,‡∏•‡∏µ‡∏ß‡∏≤‡∏¢‡∏™‡πå,,Levi
Judah,‡∏¢‡∏π‡∏î‡∏≤‡∏´‡πå,,Judah
Issachar,‡∏≠‡∏¥‡∏™‡∏™‡∏≤‡∏Ñ‡∏≤‡∏£‡πå,,Issachar
Zebulun,‡πÄ‡∏ã‡∏ö‡∏π‡∏•‡∏∏‡∏ô,,Zebulun
Dinah,‡πÑ‡∏î‡∏ô‡∏≤‡∏´‡πå,Genesis 34,Dinah
Esau,‡πÄ‡∏≠‡∏ã‡∏≤‡∏ß/,,Esau/
Edom,‡πÄ‡∏≠‡πÇ‡∏î‡∏°,Genesis 36:1,Edom
Ishmael,‡∏≠‡∏¥‡∏ä‡∏°‡∏≤‡πÄ‡∏≠‡∏•,,Ishmael
Manasseh2,(‡∏°‡∏ô‡∏±‡∏™‡πÄ‡∏™‡∏´‡πå,,(Manasseh
Ephraim,‡πÅ‡∏•‡∏∞‡πÄ‡∏≠‡∏ü‡∏£‡∏≤‡∏≠‡∏¥‡∏°),,and Ephraim)
Benjamin,‡πÄ‡∏ö‡∏ô‡∏à‡∏≤‡∏°‡∏¥‡∏ô,,Benjamin
Dan,‡πÅ‡∏î‡∏ô,,Dan
Naphtali,‡∏ô‡∏±‡∏ü‡∏ó‡∏≤‡∏•‡∏µ,,Naphtali
Gad ,‡∏Å‡∏≤‡∏î,,Gad 
Asher,‡∏≠‡∏≤‡πÄ‡∏ä‡∏≠‡∏£‡πå,,Asher
Milcah1,"‡∏≠‡∏π‡∏ã, ‡∏ö‡∏π‡∏ã, ‡πÄ‡∏Ñ‡∏°‡∏π‡πÄ‡∏≠‡∏•,",,"Uz, Buz, Kemuel,"
Milcah2,"‡πÄ‡∏ä‡∏™, ‡∏Æ‡∏≤‡πÇ‡∏ã,",,"Chesed, Hazo,"
Milcah3,"‡∏û‡∏¥‡∏•‡∏î‡∏≤‡∏ä, ‡∏à‡∏¥‡∏î‡∏•‡∏≤‡∏ü",,"Pildash, Jidlaph"
Tebah,‡πÄ‡∏ï‡∏ö‡∏≤‡∏´‡πå,,Tebah
Gaham,‡∏Å‡∏≤‡∏Æ‡∏±‡∏°,,Gaham
Tahash,‡∏ó‡∏≤‡∏Æ‡∏≤‡∏ä,,Tahash
Maacah,‡∏°‡∏≤‡∏≠‡∏≤‡∏Ñ‡∏≤‡∏´‡πå,,Maacah
Mahalath,‡∏°‡∏´‡∏≤‡∏•‡∏±‡∏ó/,"Genesis 28:8, 9",Mahalath/
Basemath,‡∏ê‡∏≤‡∏ô¬∑‡∏Ñ‡∏ì‡∏¥‡∏ï‡∏®‡∏≤‡∏™‡∏ï‡∏£‡πå,"Genesis36:3, 4",Base¬∑math
Reuel,‡∏£‡∏π‡πÄ‡∏≠‡∏•,"36:13, 17",Reuel
Nahath,‡∏ô‡∏≤‡∏´‡∏±‡∏ï,,Nahath
Zerah,‡πÄ‡∏ã‡∏£‡∏≤‡∏´‡πå,,Zerah
Schammah,‡∏ä‡∏±‡∏°‡∏°‡∏≤‡∏´‡πå,,Schammah
Mizzah,‡∏°‡∏¥‡∏ã‡∏≤‡∏´‡πå,,Mizzah
Adah,‡∏≠‡∏≤‡∏î‡∏≤‡∏´‡πå,"36:11, 12, 15, 16",Adah
Eliphaz,‡πÄ‡∏≠‡∏•‡∏µ‡∏ü‡∏≤‡∏ã,,Eliphaz
Teman,‡πÄ‡∏ó‡∏°‡∏≤‡∏ô,,Teman
Omar,‡πÇ‡∏≠‡∏°‡∏≤‡∏£‡πå,,Omar
Zepho,‡πÄ‡∏ã‡πÇ‡∏ü,,Zepho
Kenaz,‡πÄ‡∏Ñ‡∏ô‡∏±‡∏™,,Kenaz
Korah,‡πÇ‡∏Ñ‡∏£‡∏≤‡∏´‡πå,,Korah
Gatam,‡∏Å‡∏≤‡∏ï‡∏±‡∏°,,Gatam
Amalek,‡∏≠‡∏≤‡∏°‡∏≤‡πÄ‡∏•‡∏Ç,,Amalek
Oholibamah,‡πÇ‡∏≠‡πÇ‡∏Æ‡∏•‡∏¥‡∏ö‡∏≤‡∏°‡∏≤‡∏´‡πå,"36:14, 18",Oholibamah
Jeush,‡πÄ‡∏à‡∏≠‡∏ä,,Jeush
Jalam,‡∏à‡∏≤‡∏•‡∏±‡∏°,,Jalam
Korah,‡πÇ‡∏Ñ‡∏£‡∏≤‡∏´‡πå,,Korah
Nebaioth,‡πÄ‡∏ô‡∏ö‡∏≤‡πÇ‡∏¢‡∏ò,Genesis 25:13,Nebaioth
Kedar,‡πÄ‡∏Ñ‡∏î‡∏≤‡∏£‡πå,,Kedar
Adbeel,‡πÅ‡∏≠‡∏î‡∏ö‡∏µ‡∏•,,Adbeel
Mibsam,‡∏°‡∏¥‡∏ö‡∏ã‡∏±‡∏°,,Mibsam
Mishma,‡∏°‡∏¥‡∏ä‡∏°‡∏≤,,Mishma
Dumah,‡∏î‡∏π‡∏°‡∏≤‡∏´‡πå,,Dumah
Massa,‡∏°‡∏≤‡∏™‡∏ã‡πà‡∏≤,,Massa
Hadad,‡∏Æ‡∏≤‡∏î‡∏±‡∏î,,Hadad
Tema,‡∏ò‡∏µ‡∏°,,Tema
Jetur,‡πÄ‡∏à‡∏ï‡∏π‡∏£‡πå,,Jetur
Naphish,‡∏ô‡∏≤‡∏û‡∏¥‡∏ä,,Naphish
Kedemah,‡πÄ‡∏Ñ‡πÄ‡∏î‡∏°‡∏≤‡∏´‡πå,,Kedemah
Babylon2, ,no text left and right ‚Äì empty!, 
terahfam,‡∏™‡∏°‡∏≤‡∏ä‡∏¥‡∏Å‡πÉ‡∏ô‡∏Ñ‡∏£‡∏≠‡∏ö‡∏Ñ‡∏£‡∏±‡∏ß‡∏Ç‡∏≠‡∏á‡πÄ‡∏ó‡∏£‡∏≤‡∏´‡πå,,members of Terah‚Äôs family
rosetta,‡∏´‡∏¥‡∏ô‡πÇ‡∏£‡πÄ‡∏ã‡∏ï‡∏ï‡∏≤ 196 ‡∏Å‡πà‡∏≠‡∏ô‡∏Ñ‡∏£‡∏¥‡∏™‡∏ï‡∏®‡∏±‡∏Å‡∏£‡∏≤‡∏ä,,Rosetta stone 196 B.C.E.
Herodotus,‡πÄ‡∏Æ‡πÇ‡∏£‡πÇ‡∏î‡∏ó‡∏±‡∏™ ‡∏Ñ. 484 ‚Äì ‡∏Ñ. 425 ‡∏Å‡πà‡∏≠‡∏ô ‡∏™.‡∏®.,Father of History,Herodotus c. 484 ‚Äì c. 425 B.C.E.
Aristotle,‡∏≠‡∏£‡∏¥‡∏™‡πÇ‡∏ï‡πÄ‡∏ï‡∏¥‡∏• 384 ‚Äì 322 ‡∏õ‡∏µ‡∏Å‡πà‡∏≠‡∏ô‡∏Ñ‡∏£‡∏¥‡∏™‡∏ï‡∏Å‡∏≤‡∏•,"The First Teacher, The Philosopher",Aristotle 384 ‚Äì 322 BC
Ptolemy,‡∏õ‡πÇ‡∏ï‡πÄ‡∏•‡∏°‡∏µ ‡∏Ñ. 100 ‚Äì ‡∏Ñ. ‡∏™.‡∏®. 170,,Ptolemy c 100 ‚Äì c. 170 C.E.
Pythagoras,‡∏û‡∏µ‡∏ó‡∏≤‡πÇ‡∏Å‡∏£‡∏±‡∏™ ‡∏Ñ. 570 ‚Äì ‡∏Ñ. 495 ‡∏õ‡∏µ‡∏Å‡πà‡∏≠‡∏ô‡∏Ñ‡∏£‡∏¥‡∏™‡∏ï‡∏Å‡∏≤‡∏•,,Pythagoras c. 570 ‚Äì c. 495 BC
Plato,‡πÄ‡∏û‡∏•‡πÇ‡∏ï ‡∏Ñ. 427 ‚Äì ‡∏Ñ. 348 ‡∏õ‡∏µ‡∏Å‡πà‡∏≠‡∏ô‡∏Ñ‡∏£‡∏¥‡∏™‡∏ï‡∏Å‡∏≤‡∏•,,Plato c. 427 ‚Äì c. 348 BC
Socrates,‡πÇ‡∏™‡∏Å‡∏£‡∏≤‡∏ï‡∏µ‡∏™ ‡∏Ñ. 470 ‚Äì ‡∏Ñ. 399 ‡∏õ‡∏µ‡∏Å‡πà‡∏≠‡∏ô‡∏Ñ‡∏£‡∏¥‡∏™‡∏ï‡∏Å‡∏≤‡∏•,,Socrates c. 470 ‚Äì c. 399 BC
Josephus,‡πÇ‡∏à‡πÄ‡∏ã‡∏ü‡∏±‡∏™ ‡∏Ñ. 37 ‚Äì ‡∏Ñ. ‡∏™.‡∏®. 100,,Josephus c. 37 ‚Äì c. 100 C.E.
Cicero,‡∏ã‡∏¥‡πÄ‡∏ã‡πÇ‡∏£ 106‚Äì43 ‡∏õ‡∏µ‡∏Å‡πà‡∏≠‡∏ô‡∏Ñ‡∏£‡∏¥‡∏™‡∏ï‡∏Å‡∏≤‡∏•,"influence on Latin language, 3 Jan 106 BC ‚Äì 7 Dec 43 BC",Cicero 106‚Äì43 BC
lachish_letters,‡∏ï‡∏±‡∏ß‡∏≠‡∏±‡∏Å‡∏©‡∏£ Lachish ‡∏Ñ. ‡∏õ‡∏µ 590 ‡∏Å‡πà‡∏≠‡∏ô ‡∏™.‡∏®.,,Lachish letters c. 590 B.C.E.
lachish_reliefs,‡∏†‡∏≤‡∏û‡∏ô‡∏π‡∏ô‡∏ï‡πà‡∏≥‡∏ô‡∏π‡∏ô‡∏™‡∏π‡∏á‡∏Ñ. ‡∏õ‡∏µ 681 ‡∏Å‡πà‡∏≠‡∏ô ‡∏™.‡∏®.,,Lachish reliefs c. 681 B.C.E.
mesha_stele,Mesha Stele (‡∏´‡∏¥‡∏ô‡πÇ‡∏°‡∏≠‡∏±‡∏ö) ‡∏Ñ. 840 ‡∏Å‡πà‡∏≠‡∏ô ‡∏™.‡∏®.,,Mesha Stele (Moabite stone) c. 840 B.C.E.
gilgamesh,‡∏Å‡∏¥‡∏•‡∏Å‡∏≤‡πÄ‡∏°‡∏ä ‡πÅ‡∏•‡∏∞ ‡∏≠‡∏≤‡∏Å‡πâ‡∏≤ íáΩíÜ•íÑÑíÄÄíÄùíÇµ,,Gilgamesh and Aga íáΩíÜ•íÑÑíÄÄíÄùíÇµ
epic_gilgamesh,‡∏°‡∏´‡∏≤‡∏Å‡∏≤‡∏û‡∏¢‡πå‡πÅ‡∏´‡πà‡∏á‡∏Å‡∏¥‡∏•‡∏Å‡∏≤‡πÄ‡∏°‡∏ä (S√Æn-lƒìqi-unninni),,Epic of Gilgamesh (S√Æn-lƒìqi-unninni)
oxyrhynchus,Oxyrhynchus Papyri,,Oxyrhynchus Papyri
p52,‡∏´‡πâ‡∏≠‡∏á‡∏™‡∏°‡∏∏‡∏î Rylands Papyrus P52,,Rylands Library Papyrus P52
daniel2_shift,0,,
daniel2_1,‡∏Å‡∏©‡∏±‡∏ï‡∏£‡∏¥‡∏¢‡πå‡πÄ‡∏ô‡∏ö‡∏π‡∏Ñ‡∏±‡∏î‡πÄ‡∏ô‡∏™‡∏ã‡∏≤‡∏£‡πå,Start 4.2,King Nebuchadnezzar
daniel2_2,‡∏ó‡∏≥‡∏•‡∏≤‡∏¢‡∏Å‡∏£‡∏∏‡∏á‡πÄ‡∏¢‡∏£‡∏π‡∏ã‡∏≤‡πÄ‡∏•‡πá‡∏°,,destroys Jerusalem
daniel2_3,‡∏û‡∏¥‡∏ä‡∏¥‡∏ï‡∏ö‡∏≤‡∏ö‡∏¥‡πÇ‡∏•‡∏ô,,Conquers Babylon
daniel2_4,‡πÑ‡∏ã‡∏£‡∏±‡∏™‡∏õ‡∏£‡∏∞‡∏Å‡∏≤‡∏®‡πÉ‡∏´‡πâ‡∏Å‡∏•‡∏±‡∏ö‡∏°‡∏≤,,Cyrus decrees return
daniel2_5,‡∏Ç‡∏≠‡∏á‡∏ä‡∏≤‡∏ß‡∏¢‡∏¥‡∏ß‡πÑ‡∏õ‡∏¢‡∏±‡∏á‡∏Å‡∏£‡∏∏‡∏á‡πÄ‡∏¢‡∏£‡∏π‡∏ã‡∏≤‡πÄ‡∏•‡πá‡∏°,,of Jews to Jerusalem
daniel2_6,‡∏≠‡πÄ‡∏•‡πá‡∏Å‡∏ã‡∏≤‡∏ô‡πÄ‡∏î‡∏≠‡∏£‡πå‡∏°‡∏´‡∏≤‡∏£‡∏≤‡∏ä,,Alexander the Great
daniel2_7,‡∏û‡∏¥‡∏ä‡∏¥‡∏ï‡πÄ‡∏õ‡∏≠‡∏£‡πå‡πÄ‡∏ã‡∏µ‡∏¢,,conquers Persia
daniel2_8,‡∏Å‡∏é‡πÄ‡∏Å‡∏ì‡∏ë‡πå‡πÄ‡∏´‡∏ô‡∏∑‡∏≠‡∏≠‡∏¥‡∏™‡∏£‡∏≤‡πÄ‡∏≠‡∏•,,Rules over Israel
daniel2_9,‡∏ó‡∏≥‡∏•‡∏≤‡∏¢‡∏Å‡∏£‡∏∏‡∏á‡πÄ‡∏¢‡∏£‡∏π‡∏ã‡∏≤‡πÄ‡∏•‡πá‡∏°,,Destroys Jerusalem
daniel2_10,‡πÉ‡∏ô‡∏ä‡πà‡∏ß‡∏á‡∏™‡∏á‡∏Ñ‡∏£‡∏≤‡∏°‡πÇ‡∏•‡∏Å‡∏Ñ‡∏£‡∏±‡πâ‡∏á‡∏ó‡∏µ‡πà 1,,"During World War I,"
daniel2_11,‡∏°‡∏´‡∏≤‡∏≠‡∏≥‡∏ô‡∏≤‡∏à‡πÇ‡∏•‡∏Å‡πÅ‡∏≠‡∏á‡πÇ‡∏Å‡∏•-‡∏≠‡πÄ‡∏°‡∏£‡∏¥‡∏Å‡∏±‡∏ô,,Anglo-American World Power
daniel2_12,‡πÄ‡∏Å‡∏¥‡∏î‡∏Ç‡∏∂‡πâ‡∏ô,End 4.2,comes into being
qing-dynasty,1636-1912,1636-1912,
qing-dynasty_c,Qing dynasty,Qing dynasty,
ming-dynasty,1368-1644,1368-1644,
ming-dynasty_c,‡∏£‡∏≤‡∏ä‡∏ß‡∏á‡∏®‡πå‡∏´‡∏°‡∏¥‡∏á‡πÉ‡∏ô‡∏à‡∏±‡∏Å‡∏£‡∏ß‡∏£‡∏£‡∏î‡∏¥‡∏à‡∏µ‡∏ô ‡∏Ñ.‡∏®.,Ming dynasty in imperial China,
yuan-dynasty,1271-1368,1271-1368,
southern-song,1127-1279,1127-1279,
northern-song,960-1127,960-1127,
western-xia,1038-1227,1038-1227,
yuan-dynasty_c,Yuan,Yuan,
southern-song_c,Southern Song,Southern Song,
northern-song_c,Northern Song,Northern Song,
western-xia_c,Western Xia,Western Xia,
Copernicus,Nicolaus Copernicus,Nicolaus Copernicus,
Galileo,Galileo Galilei,Galileo Galilei,
Newton,Isaac Newton,Isaac Newton,
gregorian,Gregorian calendar 1582,Gregorian calendar 1582,
shang-dynasty,c. 1600-1046 BC,c. 1600-1046 BC,
western-zhou,c. 1046-771 BC,c. 1046-771 BC,
eastern-zhou,770-256 BC,770-256 BC,
qin-dynasty,Qin 221-297 BC,Qin 221-297 BC,
western-han,207 BC ‚Äì 9 CE,207 BC ‚Äì 9 CE,
eastern-han,25-220 CE,25-220 CE,
three-kingdoms,Three kingdoms 220-280 CE,Three kingdoms 220-280 CE,
sixteen-kingdoms,Sixteen kingdoms 304-439 CE,Sixteen kingdoms 304-439 CE,
northern-dynasties,368-581 CE,368-581 CE,
southern-dynasties,420-589 CE,420-589 CE,
tang-dynasty1, , ,
tang-dynasty2,"618-690, 705-907","618-690, 705-907",
wu-zhou,690-705 Wu Zhou,690-705 Wu Zhou,
shang-dynasty_c,Shang Dynasty,Shang Dynasty,
western-zhou_c,Western Zhou,Western Zhou,
eastern-zhou_c,Eastern Zhou,Eastern Zhou,
western-han_c,Western Han,Western Han,
eastern-han_c,Eastern Han,Eastern Han,
three-kingdoms_c,China,China,
sixteen-kingdoms_c,China,China,
northern-dynasties_c,Northern Dynasties,Northern Dynasties,
southern-dynasties_c,Southern Dynasties,Southern Dynasties,
tang-dynasty1_c,Tang,Tang,
tang-dynasty2_c,Tang Dynasty,Tang Dynasty,
xia-dynasty,Xia dynasty in China c. 2070 ‚Äì c. 1600 BC,Xia dynasty in China c. 2070 ‚Äì c. 1600 BC,
gonghe,Gonghe Regency 841-828 BC,Gonghe Regency 841-828 BC,
Ashoka,Ashoka (c. 304-232 BC) promotes Buddhism,Ashoka (c. 304-232 BC) promotes Buddhism,
